證券代號,證券名稱,收盤價,殖利率(%),股利年度,本益比,股價淨值比,財報年/季,每股股利(註)
1101,台泥,31.85,3.14,112.0,26.76,1.0,113/3,
1102,亞泥,41.45,5.07,112.0,14.10,0.83,113/3,
1103,嘉泥,16.85,2.97,112.0,24.07,0.51,113/3,
1104,環泥,27.75,7.21,112.0,12.17,0.82,113/3,
1108,幸福,14.35,6.97,112.0,13.80,1.15,113/3,
1109,信大,17.9,6.7,112.0,10.29,0.74,113/3,
1110,東泥,20.0,1.0,112.0,40.82,1.22,113/3,
1201,味全,17.75,1.52,112.0,21.65,1.18,113/3,
1203,味王,39.6,2.78,112.0,19.60,1.57,113/3,
1210,大成,50.4,4.4,112.0,12.44,1.73,113/3,
1213,大飲,16.0,0.0,112.0,-,4.91,113/3,
1215,卜蜂,92.8,5.93,112.0,14.73,2.68,113/3,
1216,統一,81.0,3.7,112.0,24.11,3.54,113/3,
1217,愛之味,11.55,1.99,112.0,17.24,0.76,113/3,
1218,泰山,19.75,0.0,112.0,11.69,0.76,113/3,
1219,福壽,15.5,5.16,112.0,26.27,1.18,113/3,
1220,台榮,17.55,2.28,112.0,12.27,1.27,113/3,
1225,福懋油,50.4,2.78,112.0,28.31,3.33,113/3,
1227,佳格,36.5,3.42,112.0,21.47,1.87,113/3,
1229,聯華,51.0,4.12,112.0,21.89,1.82,113/3,
1231,聯華食,127.5,2.04,112.0,28.59,5.66,113/3,
1232,大統益,145.5,4.54,112.0,18.01,4.38,113/3,
1233,天仁,30.0,3.0,112.0,33.71,1.93,113/3,
1234,黑松,41.05,4.63,112.0,17.10,0.88,113/3,
1235,興泰,92.3,1.08,112.0,19.89,1.18,113/3,
1236,宏亞,22.7,2.86,112.0,-,0.76,113/3,
1256,鮮活果汁-KY,133.0,4.96,112.0,16.94,1.3,113/3,
1301,台塑,36.7,2.72,112.0,-,0.74,113/3,
1303,南亞,31.05,2.25,112.0,77.63,0.69,113/3,
1304,台聚,10.8,3.24,112.0,-,0.53,113/3,
1305,華夏,12.25,2.86,112.0,-,0.79,113/3,
1307,三芳,37.0,4.05,112.0,12.29,1.52,113/3,
1308,亞聚,13.8,3.26,112.0,-,0.66,113/3,
1309,台達化,14.4,2.08,112.0,-,0.9,113/3,
1310,台苯,9.99,0.0,112.0,-,0.76,113/3,
1312,國喬,10.45,0.0,112.0,-,0.35,113/3,
1313,聯成,8.97,2.23,112.0,-,0.41,113/3,
1314,中石化,7.34,0.0,112.0,22.94,0.35,113/3,
1315,達新,69.7,7.17,112.0,69.70,0.68,113/3,
1316,上曜,13.65,0.0,112.0,-,1.14,113/3,
1319,東陽,114.0,3.51,112.0,17.33,2.57,113/3,
1321,大洋,32.75,1.22,112.0,45.49,1.17,113/3,
1323,永裕,24.65,4.06,112.0,9.00,0.86,113/3,
1324,地球,12.55,1.59,112.0,179.29,0.98,113/3,
1325,恆大,25.3,2.37,112.0,-,0.8,113/3,
1326,台化,28.75,4.35,112.0,106.48,0.55,113/3,
1337,再生-KY,6.64,0.0,112.0,-,0.41,113/3,
1338,廣華-KY,27.65,1.81,112.0,-,0.37,113/3,
1339,昭輝,56.2,5.34,112.0,10.39,1.03,113/3,
1340,勝悅-KY,9.58,0.0,112.0,-,0.42,113/3,
1341,富林-KY,67.3,6.54,112.0,14.44,2.64,113/3,
1342,八貫,102.0,5.88,112.0,15.77,3.5,113/3,
1402,遠東新,32.05,4.21,112.0,18.01,0.74,113/3,
1409,新纖,14.85,3.7,112.0,16.69,0.63,113/3,
1410,南染,36.05,0.83,112.0,106.03,2.11,113/3,
1413,宏洲,10.5,0.0,112.0,-,1.3,113/3,
1414,東和,24.0,1.04,112.0,80.00,1.67,113/3,
1416,廣豐,12.9,3.88,112.0,24.34,0.6,113/3,
1417,嘉裕,9.79,2.04,112.0,-,0.77,113/3,
1418,東華,27.0,0.0,112.0,50.94,1.24,113/3,
1419,新紡,43.95,2.73,112.0,20.44,0.89,113/3,
1423,利華,36.4,1.65,112.0,74.29,1.11,113/3,
1432,大魯閣,20.05,0.0,112.0,-,2.11,113/3,
1434,福懋,18.8,2.66,112.0,25.75,0.72,113/3,
1435,中福,31.85,0.0,112.0,-,3.53,113/3,
1436,華友聯,121.5,5.4,112.0,4.99,2.63,113/3,
1437,勤益控,32.95,3.43,112.0,9.89,0.83,113/3,
1438,三地開發,50.4,0.0,112.0,-,2.6,113/3,
1439,雋揚,31.4,0.96,112.0,18.69,1.07,113/3,
1440,南紡,14.3,2.45,112.0,9.47,0.81,113/3,
1441,大東,13.9,0.0,112.0,10.61,1.65,113/3,
1442,名軒,69.6,5.03,112.0,7.05,3.16,113/3,
1443,立益物流,31.45,0.0,112.0,19.66,1.98,113/3,
1444,力麗,9.1,0.0,112.0,-,0.82,113/3,
1445,大宇,16.6,15.06,112.0,2.28,0.92,113/3,
1446,宏和,40.95,1.71,112.0,4.08,2.11,113/3,
1447,力鵬,7.11,0.0,112.0,-,0.66,113/3,
1449,佳和,22.05,0.14,112.0,30.21,1.15,113/3,
1451,年興,20.0,2.5,112.0,66.67,0.57,113/3,
1452,宏益,15.6,1.92,112.0,27.37,0.75,113/3,
1453,大將,14.7,2.04,112.0,23.33,1.12,113/3,
1454,台富,15.15,1.65,112.0,68.86,1.16,113/3,
1455,集盛,9.61,0.0,112.0,45.76,0.8,113/3,
1456,怡華,15.0,1.33,112.0,-,0.99,113/3,
1457,宜進,19.25,7.79,112.0,6.00,0.83,113/3,
1459,聯發,9.41,0.0,112.0,25.43,0.98,113/3,
1460,宏遠,6.91,0.0,112.0,-,0.8,113/3,
1463,強盛新,24.95,2.0,112.0,55.44,1.82,113/3,
1464,得力,16.75,1.49,112.0,24.63,1.28,113/3,
1465,偉全,14.15,3.53,112.0,74.47,0.89,113/3,
1466,聚隆,12.05,0.0,112.0,-,0.94,113/3,
1467,南緯,10.45,0.0,112.0,27.50,0.82,113/3,
1468,昶和,12.9,0.0,112.0,23.04,1.54,113/3,
1470,大統新創,20.75,2.8,112.0,26.95,1.78,113/3,
1471,首利,13.2,0.0,112.0,69.47,1.35,113/3,
1472,三洋實業,62.5,3.2,112.0,24.51,1.68,113/3,
1473,台南,34.0,3.53,112.0,11.81,1.25,113/3,
1474,弘裕,12.7,0.0,112.0,12.21,0.77,113/3,
1475,業旺,55.9,3.58,112.0,9.43,2.5,113/3,
1476,儒鴻,501.0,2.69,112.0,21.71,5.08,113/3,
1477,聚陽,312.0,5.26,112.0,18.94,5.72,113/3,
1503,士電,190.5,1.57,112.0,34.45,2.6,113/3,
1504,東元,50.8,4.33,112.0,18.88,1.36,113/3,
1506,正道,12.65,0.0,112.0,97.31,1.39,113/3,
1512,瑞利,6.4,0.0,112.0,-,1.87,113/3,
1513,中興電,149.5,2.41,112.0,20.74,4.0,113/3,
1514,亞力,99.7,1.79,112.0,30.58,4.81,113/3,
1515,力山,30.35,3.95,112.0,10.76,1.39,113/3,
1516,川飛,18.1,1.71,112.0,78.70,1.51,113/3,
1517,利奇,14.0,1.43,112.0,-,0.86,113/3,
1519,華城,544.0,1.29,112.0,40.72,21.68,113/3,
1521,大億,29.15,2.4,112.0,171.47,1.22,113/3,
1522,堤維西,62.9,3.18,112.0,11.58,2.11,113/3,
1524,耿鼎,39.5,3.29,112.0,13.67,2.28,113/3,
1525,江申,59.5,5.55,112.0,16.12,0.89,113/3,
1526,日馳,23.25,2.58,112.0,-,1.01,113/3,
1527,鑽全,42.3,4.73,112.0,13.30,1.21,113/3,
1528,恩德,15.45,0.65,112.0,-,1.3,113/3,
1529,樂事綠能,23.1,2.6,112.0,53.72,2.07,113/3,
1530,亞崴,29.8,5.03,112.0,21.29,0.87,113/3,
1531,高林股,13.85,1.44,112.0,138.50,0.69,113/3,
1532,勤美,30.8,4.64,112.0,7.33,0.82,113/3,
1533,車王電,38.0,0.0,112.0,-,1.74,113/3,
1535,中宇,62.3,5.3,112.0,14.49,2.14,113/3,
1536,和大,63.9,1.56,112.0,-,2.07,113/3,
1537,廣隆,153.0,4.58,112.0,14.05,2.84,113/3,
1539,巨庭,22.2,2.7,112.0,20.18,0.9,113/3,
1540,喬福,39.15,2.81,112.0,21.28,2.27,113/3,
1541,錩泰,27.2,1.84,112.0,19.15,1.09,113/3,
1558,伸興,104.0,3.65,112.0,17.08,1.26,113/3,
1560,中砂,289.0,1.38,112.0,44.12,6.16,113/3,
1563,巧新,54.3,3.31,112.0,17.02,1.32,113/3,
1568,倉佑,27.0,4.96,112.0,27.84,1.51,113/3,
1582,信錦,90.6,4.45,112.0,13.36,1.76,113/3,
1583,程泰,59.7,6.7,112.0,11.39,1.16,113/3,
1587,吉茂,33.6,2.98,112.0,-,1.85,113/3,
1589,永冠-KY,36.35,0.0,112.0,-,0.51,113/3,
1590,亞德客-KY,788.0,2.24,112.0,20.95,3.38,113/3,
1597,直得,99.1,0.81,112.0,143.62,3.66,113/3,
1598,岱宇,26.65,0.0,112.0,-,0.99,113/3,
1603,華電,35.35,3.68,112.0,11.82,0.81,113/3,
1604,聲寶,27.95,5.37,112.0,13.63,1.22,113/3,
1605,華新,24.4,4.51,112.0,26.24,0.7,113/3,
1608,華榮,25.65,3.9,112.0,12.27,1.4,113/3,
1609,大亞,42.6,3.99,112.0,19.19,2.1,113/3,
1611,中電,15.7,3.18,112.0,30.19,1.16,113/3,
1612,宏泰,33.8,5.92,112.0,13.63,1.42,113/3,
1614,三洋電,37.8,2.83,112.0,54.00,1.78,113/3,
1615,大山,54.9,5.25,112.0,14.19,3.0,113/3,
1616,億泰,18.9,1.96,112.0,17.34,1.88,113/3,
1617,榮星,17.55,1.6,112.0,-,1.3,113/3,
1618,合機,43.75,2.29,112.0,12.25,1.37,113/3,
1626,艾美特-KY,13.9,2.16,112.0,-,0.68,113/3,
1702,南僑,49.3,5.07,112.0,10.56,1.05,113/3,
1707,葡萄王,150.0,4.6,112.0,15.12,2.22,113/3,
1708,東鹼,37.4,4.01,112.0,10.63,1.35,113/3,
1709,和益,20.4,2.94,112.0,13.88,1.04,113/3,
1710,東聯,13.95,1.43,112.0,-,1.02,113/3,
1711,永光,21.4,0.7,112.0,61.14,1.36,113/3,
1712,興農,43.5,6.44,112.0,17.90,2.24,113/3,
1713,國化,45.9,3.05,112.0,13.83,2.14,113/3,
1714,和桐,7.91,3.79,112.0,17.58,0.63,113/3,
1717,長興,27.5,2.91,112.0,18.46,1.19,113/3,
1718,中纖,7.34,0.0,112.0,-,0.45,113/3,
1720,生達,61.1,4.42,112.0,12.89,1.85,113/3,
1721,三晃,16.3,0.0,112.0,-,1.53,113/3,
1722,台肥,51.5,5.05,112.0,29.26,0.92,113/3,
1723,中碳,91.2,4.39,112.0,16.83,2.61,113/3,
1725,元禎,35.95,2.36,112.0,20.43,1.2,113/3,
1726,永記,75.4,4.64,112.0,14.70,1.22,113/3,
1727,中華化,29.3,0.99,112.0,79.19,1.78,113/3,
1730,花仙子,53.1,5.27,112.0,14.12,1.77,113/3,
1731,美吾華,22.7,5.07,112.0,17.46,1.46,113/3,
1732,毛寶,26.8,0.0,112.0,141.05,2.31,113/3,
1733,五鼎,28.85,3.81,112.0,27.48,1.62,113/3,
1734,杏輝,29.6,6.08,112.0,16.09,1.69,113/3,
1735,日勝化,20.65,2.42,112.0,21.51,1.32,113/3,
1736,喬山,181.5,0.55,112.0,42.91,5.32,113/3,
1737,臺鹽,32.0,3.75,112.0,21.48,0.98,113/3,
1752,南光,41.1,4.87,112.0,33.97,1.78,113/3,
1760,寶齡富錦,81.0,1.85,112.0,57.04,3.69,113/3,
1762,中化生,32.8,2.44,112.0,26.03,0.76,113/3,
1773,勝一,157.5,2.03,112.0,22.47,4.22,113/3,
1776,展宇,18.2,2.75,112.0,19.36,1.2,113/3,
1783,和康生,46.9,2.13,112.0,26.95,3.13,113/3,
1786,科妍,92.9,2.59,112.0,30.26,3.58,113/3,
1789,神隆,21.6,1.39,112.0,43.20,1.64,113/3,
1795,美時,260.5,1.79,112.0,15.94,3.42,113/3,
1802,台玻,17.5,0.0,112.0,-,1.06,113/3,
1805,寶徠,17.5,0.0,112.0,116.67,1.92,113/3,
1806,冠軍,9.96,0.0,112.0,45.27,0.69,113/3,
1808,潤隆,36.65,40.93,112.0,4.30,1.12,113/3,
1809,中釉,19.4,1.03,112.0,88.18,1.11,113/3,
1810,和成,15.7,1.27,112.0,50.65,0.7,113/3,
1817,凱撒衛,41.1,4.38,112.0,9.38,1.39,113/3,
1903,士紙,51.7,0.0,112.0,-,2.27,113/3,
1904,正隆,18.8,2.66,112.0,21.86,0.71,113/3,
1905,華紙,16.05,0.0,112.0,200.63,1.09,113/3,
1906,寶隆,13.65,1.1,112.0,-,0.48,113/3,
1907,永豐餘,29.0,3.1,112.0,30.53,0.72,113/3,
1909,榮成,11.25,0.0,112.0,-,0.66,113/3,
2002,中鋼,19.9,1.76,112.0,76.54,0.99,113/3,
2006,東和鋼鐵,68.1,6.17,112.0,10.62,1.58,113/3,
2007,燁興,9.43,0.0,112.0,-,0.99,113/3,
2008,高興昌,29.7,3.37,112.0,87.35,1.59,113/3,
2009,第一銅,36.6,0.0,112.0,54.63,1.51,113/3,
2010,春源,17.9,5.59,112.0,11.47,0.97,113/3,
2012,春雨,25.1,3.63,112.0,18.06,1.62,113/3,
2013,中鋼構,49.7,3.82,112.0,17.02,1.86,113/3,
2014,中鴻,17.8,0.56,112.0,-,1.73,113/3,
2015,豐興,71.2,4.92,112.0,16.75,1.9,113/3,
2017,官田鋼,10.95,0.0,112.0,35.32,0.82,113/3,
2020,美亞,27.65,14.47,112.0,6.23,1.64,113/3,
2022,聚亨,8.6,2.33,112.0,143.33,0.82,113/3,
2023,燁輝,14.5,2.76,112.0,-,1.0,113/3,
2024,志聯,18.3,0.0,112.0,-,1.61,113/3,
2025,千興,10.3,0.0,112.0,-,1.87,113/3,
2027,大成鋼,29.85,4.02,112.0,23.32,1.0,113/3,
2028,威致,20.85,3.84,112.0,17.38,1.47,113/3,
2029,盛餘,23.95,5.22,112.0,13.38,0.77,113/3,
2030,彰源,16.95,2.95,112.0,27.34,0.95,113/3,
2031,新光鋼,44.5,6.74,112.0,7.63,1.18,113/3,
2032,新鋼,13.6,0.0,112.0,52.31,1.04,113/3,
2033,佳大,22.7,0.0,112.0,108.10,1.74,113/3,
2034,允強,19.65,5.09,112.0,-,1.03,113/3,
2038,海光,15.4,0.0,112.0,308.00,0.75,113/3,
2049,上銀,285.5,0.88,112.0,51.16,2.79,113/3,
2059,川湖,1450.0,0.98,112.0,30.38,7.23,113/3,
2062,橋椿,35.0,2.29,112.0,12.82,0.9,113/3,
2069,運錩,16.2,3.09,112.0,15.43,0.68,113/3,
2101,南港,46.1,0.0,112.0,11.85,2.8,113/3,
2102,泰豐,18.55,0.0,112.0,-,1.23,113/3,
2103,台橡,20.2,2.77,112.0,14.33,0.81,113/3,
2104,國際中橡,12.85,0.0,112.0,-,0.39,113/3,
2105,正新,49.55,4.04,112.0,18.98,1.8,113/3,
2106,建大,26.15,3.82,112.0,16.87,1.23,113/3,
2107,厚生,25.8,5.04,112.0,14.25,0.59,113/3,
2108,南帝,32.8,3.05,112.0,32.80,1.12,113/3,
2109,華豐,17.95,6.69,112.0,11.51,1.47,113/3,
2114,鑫永銓,94.1,5.31,112.0,17.36,2.45,113/3,
2115,六暉-KY,30.45,3.28,112.0,16.37,0.98,113/3,
2201,裕隆,50.7,2.76,112.0,11.99,0.85,113/3,
2204,中華,75.0,8.0,112.0,9.12,1.14,113/3,
2206,三陽工業,67.6,4.44,112.0,10.45,2.22,113/3,
2207,和泰車,594.0,3.37,112.0,16.19,4.59,113/3,
2208,台船,15.75,0.0,112.0,-,1.92,113/3,
2211,長榮鋼,117.0,5.56,112.0,19.57,1.87,113/3,
2227,裕日車,75.9,4.58,112.0,16.90,1.24,113/3,
2228,劍麟,102.0,4.9,112.0,11.85,1.6,113/3,
2231,為升,101.0,2.97,112.0,66.45,3.41,113/3,
2233,宇隆,220.5,2.4,112.0,20.01,3.43,113/3,
2236,百達-KY,124.5,0.56,112.0,830.00,3.92,113/3,
2239,英利-KY,35.45,1.86,112.0,35.81,0.35,113/3,
2241,艾姆勒,26.65,0.0,112.0,-,1.86,113/3,
2243,宏旭-KY,17.95,0.0,112.0,-,1.78,113/3,
2247,汎德永業,298.0,6.04,112.0,12.89,1.87,113/3,
2250,IKKA-KY,114.0,2.8,112.0,18.10,1.85,113/3,
2254,巨鎧精密-創,81.0,0.0,112.0,-,4.37,113/3,
2258,鴻華先進-創,40.15,0.0,112.0,-,3.91,113/3,
2301,光寶科,99.5,4.53,112.0,18.53,2.66,113/3,
2302,麗正,17.9,1.73,112.0,41.63,1.65,113/3,
2303,聯電,42.35,7.08,112.0,10.23,1.44,113/3,
2305,全友,14.4,0.0,112.0,180.00,1.29,113/3,
2308,台達電,412.0,1.56,112.0,28.91,4.9,113/3,
2312,金寶,26.9,1.12,112.0,28.02,1.81,113/3,
2313,華通,69.1,2.17,112.0,15.05,1.94,113/3,
2314,台揚,34.1,0.0,112.0,-,6.74,113/3,
2316,楠梓電,46.85,1.07,112.0,6.60,0.88,113/3,
2317,鴻海,181.0,2.98,112.0,15.73,1.57,113/3,
2321,東訊,15.7,0.0,112.0,-,2.2,113/3,
2323,中環,10.8,6.3,112.0,10.19,0.64,113/3,
2324,仁寶,37.4,3.21,112.0,16.48,1.27,113/3,
2327,國巨,525.0,4.18,112.0,12.93,1.73,113/3,
2328,廣宇,39.25,3.31,112.0,19.53,1.43,113/3,
2329,華泰,34.0,3.5,112.0,15.45,2.22,113/3,
2330,台積電,1035.0,1.26,112.0,25.88,6.73,113/3,
2331,精英,21.5,4.65,112.0,35.25,1.01,113/3,
2332,友訊,25.2,2.14,112.0,86.90,1.67,113/3,
2337,旺宏,20.2,2.48,112.0,-,0.82,113/3,
2338,光罩,48.9,3.07,112.0,28.43,2.06,113/3,
2340,台亞,28.0,1.79,112.0,-,1.56,113/3,
2342,茂矽,31.15,0.0,112.0,-,2.04,113/3,
2344,華邦電,15.0,0.0,112.0,78.95,0.69,113/3,
2345,智邦,757.0,1.32,112.0,43.48,14.52,113/3,
2347,聯強,70.9,4.23,112.0,14.01,1.59,113/3,
2348,海悅,187.5,5.29,112.0,11.60,4.06,113/3,
2349,錸德,14.0,0.0,112.0,-,1.74,113/3,
2351,順德,92.7,2.8,112.0,25.97,2.45,113/3,
2352,佳世達,34.0,3.53,112.0,27.64,1.82,113/3,
2353,宏碁,37.2,4.3,112.0,21.75,1.49,113/3,
2354,鴻準,76.7,1.96,112.0,29.05,0.98,113/3,
2355,敬鵬,37.8,3.31,112.0,13.36,0.88,113/3,
2356,英業達,49.45,3.03,112.0,25.76,2.64,113/3,
2357,華碩,600.0,2.83,112.0,13.23,1.67,113/3,
2359,所羅門,162.0,1.05,112.0,-,5.0,113/3,
2360,致茂,402.5,1.64,112.0,37.17,7.34,113/3,
2362,藍天,51.6,3.1,112.0,20.16,0.69,113/3,
2363,矽統,70.1,0.43,112.0,84.46,2.01,113/3,
2364,倫飛,77.4,3.88,112.0,20.81,5.29,113/3,
2365,昆盈,46.5,0.65,112.0,87.74,3.33,113/3,
2367,燿華,32.7,0.0,112.0,22.87,1.95,113/3,
2368,金像電,230.5,1.52,112.0,20.58,5.64,113/3,
2369,菱生,17.15,1.75,112.0,-,1.22,113/3,
2371,大同,44.25,0.0,112.0,12.72,1.65,113/3,
2373,震旦行,63.0,6.51,112.0,14.09,1.89,113/3,
2374,佳能,64.9,1.39,112.0,39.33,2.75,113/3,
2375,凱美,67.4,1.19,112.0,23.48,0.77,113/3,
2376,技嘉,271.0,2.35,112.0,21.98,3.57,113/3,
2377,微星,178.5,3.03,112.0,21.33,2.87,113/3,
2379,瑞昱,529.0,2.93,112.0,19.28,5.66,113/3,
2380,虹光,4.45,0.0,112.0,-,2.0,113/3,
2382,廣達,277.5,3.24,112.0,19.76,5.31,113/3,
2383,台光電,596.0,1.67,112.0,23.07,6.41,113/3,
2385,群光,148.0,5.27,112.0,12.38,2.44,113/3,
2387,精元,61.2,4.9,112.0,9.42,1.16,113/3,
2388,威盛,99.4,0.1,112.0,74.74,2.69,113/3,
2390,云辰,11.6,0.0,112.0,-,0.93,113/3,
2392,正崴,72.4,2.76,112.0,19.51,1.3,113/3,
2393,億光,77.5,4.13,112.0,15.23,1.76,113/3,
2395,研華,339.0,2.79,112.0,33.83,6.04,113/3,
2397,友通,73.5,4.08,112.0,27.84,2.65,113/3,
2399,映泰,26.35,0.0,112.0,-,2.16,113/3,
2401,凌陽,27.35,0.0,112.0,-,1.84,113/3,
2402,毅嘉,38.2,3.12,112.0,18.19,1.72,113/3,
2404,漢唐,461.0,4.56,112.0,16.72,6.85,113/3,
2405,輔信,20.0,0.85,112.0,500.00,1.87,113/3,
2406,國碩,14.95,0.0,112.0,-,1.3,113/3,
2408,南亞科,30.4,0.0,112.0,-,0.57,113/3,
2409,友達,14.4,6.25,112.0,-,0.73,113/3,
2412,中華電,123.0,3.87,112.0,26.17,2.55,113/3,
2413,環科,23.8,0.84,112.0,-,1.57,113/3,
2414,精技,36.9,5.96,112.0,14.82,1.99,113/3,
2415,錩新,27.7,0.0,112.0,21.15,1.49,113/3,
2417,圓剛,47.15,0.32,112.0,-,2.19,113/3,
2419,仲琦,30.85,0.97,112.0,-,2.02,113/3,
2420,新巨,61.4,4.89,112.0,15.01,2.49,113/3,
2421,建準,96.7,3.62,112.0,20.44,3.55,113/3,
2423,固緯,40.9,5.38,112.0,15.79,2.2,113/3,
2424,隴華,58.8,0.0,112.0,-,11.46,113/3,
2425,承啟,33.65,1.34,112.0,280.42,1.38,113/3,
2426,鼎元,21.6,0.93,112.0,63.53,1.66,113/3,
2427,三商電,27.85,3.23,112.0,20.48,1.78,113/3,
2428,興勤,154.0,3.38,112.0,13.04,1.95,113/3,
2429,銘旺科,32.05,0.0,112.0,-,2.91,113/3,
2430,燦坤,30.05,7.32,112.0,19.02,0.8,113/3,
2431,聯昌,13.55,0.0,112.0,-,1.1,113/3,
2432,倚天酷碁-創,30.1,5.48,112.0,14.40,1.55,113/3,
2433,互盛電,49.95,6.01,112.0,15.42,1.98,113/3,
2434,統懋,31.5,0.0,112.0,45.65,2.35,113/3,
2436,偉詮電,55.0,2.2,112.0,45.45,2.86,113/3,
2438,翔耀,32.8,0.0,112.0,-,4.01,113/3,
2439,美律,107.0,3.88,112.0,13.82,1.56,113/3,
2440,太空梭,12.65,0.0,112.0,-,1.39,113/3,
2441,超豐,56.0,4.46,112.0,13.43,1.45,113/3,
2442,新美齊,24.05,1.37,112.0,12.86,1.38,113/3,
2444,兆勁,16.4,0.0,112.0,-,1.77,113/3,
2449,京元電子,116.5,2.75,112.0,19.48,3.42,113/3,
2450,神腦,32.0,6.25,112.0,17.68,1.32,113/3,
2451,創見,89.0,5.61,112.0,15.95,1.98,113/3,
2453,凌群,56.6,4.24,112.0,19.06,2.71,113/3,
2454,聯發科,1390.0,3.96,112.0,20.47,5.34,113/3,
2455,全新,168.0,1.31,112.0,42.75,9.71,113/3,
2457,飛宏,36.95,0.0,112.0,73.90,1.61,113/3,
2458,義隆,147.0,3.47,112.0,15.52,4.6,113/3,
2459,敦吉,69.9,5.72,112.0,12.26,1.34,113/3,
2460,建通,23.15,0.0,112.0,-,1.84,113/3,
2461,光群雷,19.5,3.33,112.0,12.26,1.02,113/3,
2462,良得電,26.25,4.38,112.0,21.34,1.27,113/3,
2464,盟立,79.4,0.63,112.0,81.02,3.47,113/3,
2465,麗臺,70.3,0.0,112.0,-,8.22,113/3,
2466,冠西電,50.3,0.0,112.0,-,4.61,113/3,
2467,志聖,206.0,1.46,112.0,48.82,6.36,113/3,
2468,華經,27.7,2.89,112.0,30.11,1.59,113/3,
2471,資通,54.3,6.06,112.0,20.34,3.05,113/3,
2472,立隆電,81.0,3.46,112.0,12.52,1.71,113/3,
2474,可成,180.0,5.56,112.0,14.01,0.72,113/3,
2476,鉅祥,84.0,2.95,112.0,18.71,2.22,113/3,
2477,美隆電,28.15,1.78,112.0,18.40,1.06,113/3,
2478,大毅,47.05,3.19,112.0,19.36,1.01,113/3,
2480,敦陽科,131.5,5.05,112.0,17.82,4.38,113/3,
2481,強茂,48.9,2.45,112.0,21.73,1.35,113/3,
2482,連宇,26.05,3.84,112.0,42.02,1.57,113/3,
2483,百容,21.6,1.39,112.0,72.00,0.92,113/3,
2484,希華,24.95,6.01,112.0,33.27,1.07,113/3,
2485,兆赫,15.65,0.0,112.0,-,0.88,113/3,
2486,一詮,103.5,0.63,112.0,369.64,4.66,113/3,
2488,漢平,57.6,4.86,112.0,12.36,1.78,113/3,
2489,瑞軒,19.15,3.08,112.0,12.35,0.96,113/3,
2491,吉祥全,11.5,0.0,112.0,-,1.19,113/3,
2492,華新科,91.0,2.36,112.0,23.58,0.9,113/3,
2493,揚博,95.2,5.25,112.0,16.19,3.67,113/3,
2495,普安,31.0,2.26,112.0,18.24,1.89,113/3,
2496,卓越,81.9,5.71,112.0,12.30,1.82,113/3,
2497,怡利電,60.2,1.66,112.0,24.67,3.07,113/3,
2498,宏達電,41.25,0.0,112.0,-,1.56,113/3,
2501,國建,23.3,4.29,112.0,11.53,0.98,113/3,
2504,國產,49.8,4.22,112.0,12.15,2.26,113/3,
2505,國揚,21.6,1.85,112.0,30.86,0.81,113/3,
2506,太設,10.75,2.79,112.0,4.56,0.49,113/3,
2509,全坤建,16.35,0.0,112.0,204.38,0.87,113/3,
2511,太子,10.1,3.56,112.0,43.91,0.65,113/3,
2514,龍邦,19.75,0.0,112.0,5.06,0.59,113/3,
2515,中工,10.75,4.84,112.0,23.37,0.74,113/3,
2516,新建,12.45,0.0,112.0,21.84,1.68,113/3,
2520,冠德,49.95,3.6,112.0,4.97,1.15,113/3,
2524,京城,65.8,0.0,112.0,21.57,1.3,113/3,
2527,宏璟,35.1,4.27,112.0,28.54,0.76,113/3,
2528,皇普,37.55,1.33,112.0,-,2.84,113/3,
2530,華建,39.05,1.38,112.0,18.25,3.1,113/3,
2534,宏盛,25.95,3.85,112.0,89.48,0.86,113/3,
2535,達欣工,52.8,5.68,112.0,11.09,1.46,113/3,
2536,宏普,29.5,1.69,112.0,17.35,0.85,113/3,
2537,聯上發,12.1,0.0,112.0,20.86,0.86,113/3,
2538,基泰,14.4,5.9,112.0,-,1.09,113/3,
2539,櫻花建,50.0,4.0,112.0,41.32,4.22,113/3,
2540,愛山林,85.4,6.44,112.0,22.36,4.46,113/3,
2542,興富發,43.2,3.47,112.0,26.02,1.6,113/3,
2543,皇昌,72.6,2.48,112.0,15.41,3.87,113/3,
2545,皇翔,61.8,3.72,112.0,6.16,1.53,113/3,
2546,根基,68.6,6.12,112.0,10.60,1.72,113/3,
2547,日勝生,10.55,2.37,112.0,-,0.92,113/3,
2548,華固,121.0,7.02,112.0,12.28,1.82,113/3,
2597,潤弘,142.5,6.6,112.0,15.10,4.53,113/3,
2601,益航,7.1,0.0,112.0,-,0.66,113/3,
2603,長榮,230.5,4.33,112.0,4.43,0.92,113/3,
2605,新興,24.8,3.02,112.0,10.29,0.84,113/3,
2606,裕民,53.0,4.53,112.0,9.65,1.16,113/3,
2607,榮運,31.4,3.5,112.0,14.02,0.99,113/3,
2608,嘉里大榮,38.35,6.78,112.0,16.25,1.49,113/3,
2609,陽明,79.7,2.51,112.0,5.53,0.86,113/3,
2610,華航,25.9,2.66,112.0,15.24,1.9,113/3,
2611,志信,21.65,10.62,112.0,7.36,1.35,113/3,
2612,中航,39.9,2.51,112.0,16.84,0.62,113/3,
2613,中櫃,33.35,1.8,112.0,27.56,1.41,113/3,
2614,東森,16.5,0.0,112.0,-,1.41,113/3,
2615,萬海,82.3,1.82,112.0,7.51,0.96,113/3,
2616,山隆,16.35,2.63,112.0,-,0.51,113/3,
2617,台航,28.85,5.55,112.0,9.81,0.7,113/3,
2618,長榮航,44.6,4.04,112.0,9.03,2.06,113/3,
2630,亞航,31.7,1.67,112.0,45.94,1.93,113/3,
2633,台灣高鐵,27.5,3.71,112.0,19.50,2.19,113/3,
2634,漢翔,42.7,3.33,112.0,21.24,2.31,113/3,
2636,台驊控股,77.6,8.38,112.0,9.53,1.14,113/3,
2637,慧洋-KY,63.4,4.34,112.0,7.64,0.98,113/3,
2642,宅配通,34.85,2.3,112.0,72.60,1.57,113/3,
2645,長榮航太,93.0,4.84,112.0,20.67,2.74,113/3,
2646,星宇航空,27.8,0.0,112.0,99.29,3.5,113/3,
2701,萬企,12.45,2.25,112.0,20.75,0.66,113/3,
2702,華園,16.25,0.0,112.0,-,0.77,113/3,
2704,國賓,54.5,1.83,112.0,18.47,0.66,113/3,
2705,六福,17.7,0.0,112.0,80.45,0.71,113/3,
2706,第一店,14.5,2.41,112.0,21.64,0.72,113/3,
2707,晶華,192.0,5.93,112.0,18.01,5.91,113/3,
2712,遠雄來,23.95,1.75,112.0,-,2.3,113/3,
2722,夏都,34.15,1.46,112.0,170.75,2.13,113/3,
2723,美食-KY,97.0,3.61,112.0,43.11,1.58,113/3,
2727,王品,240.5,6.21,112.0,15.37,4.65,113/3,
2731,雄獅,121.0,6.61,112.0,7.46,2.98,113/3,
2739,寒舍,52.4,0.0,112.0,8.11,3.17,113/3,
2748,雲品,60.2,3.32,112.0,20.90,2.23,113/3,
2753,八方雲集,146.0,4.79,112.0,17.08,2.88,113/3,
2762,世界健身-KY,96.0,6.1,112.0,30.38,3.12,113/3,
2801,彰銀,17.65,4.93,112.0,14.12,0.99,113/3,
2809,京城銀,51.1,5.87,112.0,10.18,1.05,113/3,
2812,台中銀,18.4,5.22,112.0,12.27,1.24,113/3,
2816,旺旺保,31.2,0.0,112.0,6.98,1.01,113/3,
2820,華票,15.0,4.87,112.0,15.63,0.79,113/3,
2832,台產,28.45,4.57,112.0,9.24,0.85,113/3,
2834,臺企銀,14.7,9.18,112.0,12.15,1.03,113/3,
2836,高雄銀,11.35,5.29,112.0,23.65,0.83,113/3,
2838,聯邦銀,15.05,5.98,112.0,12.86,0.85,113/3,
2845,遠東銀,13.2,7.65,112.0,13.20,0.93,113/3,
2849,安泰銀,13.7,2.77,112.0,18.51,0.78,113/3,
2850,新產,102.0,4.89,112.0,9.91,1.72,113/3,
2851,中再保,25.6,5.47,112.0,7.71,1.0,113/3,
2852,第一保,24.2,4.67,112.0,8.01,0.84,113/3,
2855,統一證,26.15,5.05,112.0,9.44,1.11,113/3,
2867,三商壽,6.32,0.0,112.0,-,0.78,113/3,
2880,華南金,25.55,5.09,112.0,15.58,1.61,113/3,
2881,富邦金,90.4,2.77,112.0,11.55,1.47,113/3,
2882,國泰金,67.3,2.97,112.0,11.54,1.18,113/3,
2883,凱基金,17.25,2.9,112.0,10.39,1.04,113/3,
2884,玉山金,26.85,5.21,112.0,16.08,1.74,113/3,
2885,元大金,33.6,3.87,112.0,14.42,1.39,113/3,
2886,兆豐金,38.6,4.66,112.0,16.08,1.58,113/3,
2887,台新金,17.1,5.85,112.0,12.57,1.07,113/3,
2888,新光金,11.6,0.0,112.0,15.89,0.72,113/3,
2889,國票金,15.2,6.45,112.0,25.76,1.27,113/3,
2890,永豐金,23.0,4.35,112.0,12.99,1.43,113/3,
2891,中信金,38.5,4.68,112.0,11.70,1.6,113/3,
2892,第一金,27.0,4.26,112.0,15.61,1.43,113/3,
2897,王道銀行,9.58,4.59,112.0,11.98,0.7,113/3,
2901,欣欣,27.0,1.33,112.0,62.79,2.25,113/3,
2903,遠百,23.75,6.74,112.0,16.16,1.06,113/3,
2904,匯僑,17.8,3.37,112.0,18.35,1.11,113/3,
2905,三商,15.15,1.32,112.0,-,0.89,113/3,
2906,高林,17.5,3.43,112.0,34.31,1.05,113/3,
2908,特力,20.0,2.9,112.0,35.71,1.46,113/3,
2910,統領,25.4,1.34,112.0,21.34,1.67,113/3,
2911,麗嬰房,8.25,0.0,112.0,-,1.59,113/3,
2912,統一超,262.0,3.44,112.0,23.71,7.0,113/3,
2913,農林,19.9,0.0,112.0,-,1.25,113/3,
2915,潤泰全,71.5,3.5,112.0,9.68,0.71,113/3,
2923,鼎固-KY,24.75,0.81,112.0,60.37,0.84,113/3,
2929,淘帝-KY,15.2,0.0,112.0,-,0.57,113/3,
2939,永邑-KY,32.0,0.0,112.0,-,1.95,113/3,
2945,三商家購,40.5,2.96,112.0,20.56,1.47,113/3,
3002,歐格,14.9,2.15,112.0,87.65,1.15,113/3,
3003,健和興,75.2,1.99,112.0,21.36,1.79,113/3,
3004,豐達科,89.8,2.76,112.0,13.42,1.9,113/3,
3005,神基,106.0,4.71,112.0,15.34,2.88,113/3,
3006,晶豪科,62.0,0.97,112.0,-,1.65,113/3,
3008,大立光,2515.0,2.68,112.0,15.12,1.93,113/3,
3010,華立,123.5,4.01,112.0,14.90,1.44,113/3,
3011,今皓,24.8,0.0,112.0,-,1.74,113/3,
3013,晟銘電,133.5,0.29,112.0,54.49,6.72,113/3,
3014,聯陽,145.5,5.5,112.0,14.80,3.77,113/3,
3015,全漢,59.7,5.36,112.0,28.29,0.7,113/3,
3016,嘉晶,44.75,1.12,112.0,46.13,2.57,113/3,
3017,奇鋐,634.0,1.1,112.0,32.73,9.22,113/3,
3018,隆銘綠能,26.6,0.0,112.0,-,2.63,113/3,
3019,亞光,163.5,1.1,112.0,30.06,3.29,113/3,
3021,鴻名,26.65,1.13,112.0,16.87,1.5,113/3,
3022,威強電,78.8,4.44,112.0,11.71,1.33,113/3,
3023,信邦,254.0,3.78,112.0,17.95,4.18,113/3,
3024,憶聲,19.4,0.52,112.0,74.62,1.84,113/3,
3025,星通,73.6,4.35,112.0,16.77,5.09,113/3,
3026,禾伸堂,84.7,5.9,112.0,17.18,1.44,113/3,
3027,盛達,28.8,1.28,112.0,-,1.57,113/3,
3028,增你強,29.9,6.59,112.0,22.48,1.19,113/3,
3029,零壹,139.0,2.88,112.0,29.76,4.4,113/3,
3030,德律,121.0,2.73,112.0,18.01,3.68,113/3,
3031,佰鴻,20.45,3.91,112.0,14.71,1.18,113/3,
3032,偉訓,93.9,3.73,112.0,18.30,3.31,113/3,
3033,威健,33.75,5.6,112.0,14.12,1.54,113/3,
3034,聯詠,486.5,6.58,112.0,14.19,4.67,113/3,
3035,智原,231.0,1.86,112.0,53.47,4.58,113/3,
3036,文曄,105.0,1.71,112.0,17.24,1.42,113/3,
3037,欣興,141.0,2.13,112.0,27.06,2.32,113/3,
3038,全台,26.15,6.12,112.0,11.42,1.46,113/3,
3040,遠見,47.3,2.11,112.0,63.92,2.01,113/3,
3041,揚智,37.35,0.0,112.0,-,3.11,113/3,
3042,晶技,105.0,4.29,112.0,18.23,2.31,113/3,
3043,科風,43.1,0.0,112.0,-,2.62,113/3,
3044,健鼎,198.5,3.78,112.0,13.09,2.21,113/3,
3045,台灣大,113.0,3.81,112.0,24.51,4.19,113/3,
3046,建碁,48.3,4.14,112.0,12.48,2.47,113/3,
3047,訊舟,32.2,0.0,112.0,161.00,2.65,113/3,
3048,益登,30.8,3.25,112.0,-,1.85,113/3,
3049,精金,9.13,0.0,112.0,-,0.92,113/3,
3050,鈺德,17.3,2.89,112.0,30.89,1.05,113/3,
3051,力特,33.0,3.03,112.0,17.84,2.2,113/3,
3052,夆典,11.3,5.31,112.0,11.41,0.69,113/3,
3054,立萬利,23.95,0.0,112.0,-,2.55,113/3,
3055,蔚華科,61.5,1.64,112.0,-,3.22,113/3,
3056,富華新,31.85,2.54,112.0,-,1.71,113/3,
3057,喬鼎,11.25,0.0,112.0,-,1.56,113/3,
3058,立德,15.0,0.0,112.0,-,1.54,113/3,
3059,華晶科,32.85,2.13,112.0,28.57,1.0,113/3,
3060,銘異,23.9,1.05,112.0,-,1.22,113/3,
3062,建漢,32.9,0.0,112.0,-,2.28,113/3,
3090,日電貿,67.6,5.03,112.0,17.07,2.25,113/3,
3092,鴻碩,27.6,0.0,112.0,-,1.45,113/3,
3094,聯傑,28.3,2.16,112.0,202.14,2.36,113/3,
3130,一零四,219.5,6.2,112.0,15.56,4.56,113/3,
3138,耀登,107.5,2.42,112.0,35.71,2.56,113/3,
3149,正達,31.4,0.0,112.0,-,2.79,113/3,
3150,鈺寶-創,34.2,2.34,112.0,92.43,2.16,113/3,
3164,景岳,19.5,2.56,112.0,31.97,1.25,113/3,
3167,大量,104.0,0.48,112.0,116.85,3.4,113/3,
3168,眾福科,44.45,7.99,112.0,15.93,1.82,113/3,
3189,景碩,92.0,1.09,112.0,63.45,1.32,113/3,
3209,全科,34.35,6.11,112.0,11.64,1.61,113/3,
3229,晟鈦,17.7,0.0,112.0,-,1.82,113/3,
3231,緯創,106.0,2.45,112.0,19.78,2.48,113/3,
3257,虹冠電,51.1,5.87,112.0,18.93,2.57,113/3,
3266,昇陽,18.05,4.16,112.0,13.99,1.08,113/3,
3296,勝德,31.35,0.0,112.0,-,2.56,113/3,
3305,昇貿,64.3,3.11,112.0,23.30,1.74,113/3,
3308,聯德,22.65,0.0,112.0,-,1.27,113/3,
3311,閎暉,34.25,3.5,112.0,59.05,0.87,113/3,
3312,弘憶股,55.5,2.16,112.0,26.06,3.14,113/3,
3321,同泰,15.8,0.0,112.0,-,3.09,113/3,
3338,泰碩,62.6,3.19,112.0,21.96,2.79,113/3,
3346,麗清,35.15,4.27,112.0,13.12,1.18,113/3,
3356,奇偶,55.4,5.23,112.0,8.46,2.08,113/3,
3376,新日興,211.0,1.9,112.0,33.23,2.34,113/3,
3380,明泰,36.4,2.77,112.0,56.00,1.98,113/3,
3406,玉晶光,471.5,2.55,112.0,11.51,2.21,113/3,
3413,京鼎,308.0,3.67,112.0,13.82,2.27,113/3,
3416,融程電,149.5,3.42,112.0,23.04,3.69,113/3,
3419,譁裕,17.75,0.0,112.0,-,1.75,113/3,
3432,台端,17.3,0.0,112.0,-,2.11,113/3,
3437,榮創,21.35,0.0,112.0,-,1.24,113/3,
3443,創意,1350.0,1.04,112.0,54.57,17.32,113/3,
3447,展達,62.7,0.0,112.0,-,4.11,113/3,
3450,聯鈞,255.5,0.0,112.0,141.94,9.03,113/3,
3454,晶睿,112.5,3.38,112.0,46.88,2.91,113/3,
3481,群創,14.3,0.0,112.0,-,0.52,113/3,
3494,誠研,16.5,0.0,112.0,-,2.84,113/3,
3501,維熹,61.3,4.89,112.0,12.21,1.05,113/3,
3504,揚明光,52.5,0.0,112.0,-,2.17,113/3,
3515,華擎,242.0,2.85,112.0,24.85,3.58,113/3,
3518,柏騰,25.2,0.0,112.0,-,1.63,113/3,
3528,安馳,50.0,3.0,112.0,12.41,1.74,113/3,
3530,晶相光,87.3,0.0,112.0,-,2.73,113/3,
3532,台勝科,100.5,4.98,112.0,25.25,1.6,113/3,
3533,嘉澤,1870.0,1.38,112.0,27.59,6.35,113/3,
3535,晶彩科,51.5,0.0,112.0,160.94,3.45,113/3,
3543,州巧,23.3,4.29,112.0,-,0.78,113/3,
3545,敦泰,89.0,1.12,112.0,41.40,1.99,113/3,
3550,聯穎,18.4,0.0,112.0,-,1.07,113/3,
3557,嘉威,73.6,4.08,112.0,10.94,2.24,113/3,
3563,牧德,388.5,1.8,112.0,175.00,4.66,113/3,
3576,聯合再生,10.1,0.0,112.0,-,1.42,113/3,
3583,辛耘,405.0,0.99,112.0,37.85,6.89,113/3,
3588,通嘉,66.8,0.9,112.0,29.69,2.29,113/3,
3591,艾笛森,25.15,1.99,112.0,32.66,1.22,113/3,
3592,瑞鼎,382.0,3.98,112.0,13.84,2.48,113/3,
3593,力銘,7.1,0.0,112.0,-,1.74,113/3,
3596,智易,176.5,3.97,112.0,15.39,2.56,113/3,
3605,宏致,49.25,0.0,112.0,64.80,1.17,113/3,
3607,谷崧,18.9,3.7,112.0,-,1.29,113/3,
3617,碩天,365.0,2.17,112.0,17.66,3.81,113/3,
3622,洋華,60.8,3.29,112.0,12.09,1.28,113/3,
3645,達邁,41.65,0.72,112.0,42.07,1.85,113/3,
3652,精聯,37.0,0.95,112.0,44.05,1.5,113/3,
3653,健策,1425.0,0.69,112.0,72.41,15.19,113/3,
3661,世芯-KY,3235.0,0.69,112.0,45.11,7.33,113/3,
3665,貿聯-KY,620.0,1.42,112.0,33.95,3.42,113/3,
3669,圓展,42.9,3.12,112.0,19.32,1.15,113/3,
3673,TPK-KY,37.9,0.0,112.0,22.97,0.39,113/3,
3679,新至陞,130.5,5.75,112.0,14.45,1.75,113/3,
3686,達能,19.1,0.0,112.0,-,2.06,113/3,
3694,海華,51.1,1.96,112.0,20.44,2.44,113/3,
3701,大眾控,40.15,1.74,112.0,1338.33,1.99,113/3,
3702,大聯大,66.0,5.3,112.0,13.58,1.43,113/3,
3703,欣陸,29.95,5.01,112.0,14.00,0.88,113/3,
3704,合勤控,41.2,3.64,112.0,47.91,1.58,113/3,
3705,永信,53.9,4.27,112.0,13.96,1.87,113/3,
3706,神達,72.3,1.8,112.0,26.88,1.46,113/3,
3708,上緯投控,90.5,6.13,112.0,50.56,1.21,113/3,
3711,日月光投控,157.5,3.3,112.0,21.03,2.21,113/3,
3712,永崴投控,63.0,3.17,112.0,14.06,1.53,113/3,
3714,富采,40.4,2.28,112.0,-,0.66,113/3,
3715,定穎投控,64.9,2.31,112.0,15.91,2.33,113/3,
3716,中化控股,35.6,0.0,112.0,-,0.71,113/3,
4104,佳醫,85.9,5.01,112.0,18.28,1.6,113/3,
4106,雃博,24.3,3.29,112.0,25.58,1.02,113/3,
4108,懷特,15.8,0.0,112.0,-,1.63,113/3,
4119,旭富,89.8,1.39,112.0,22.17,1.98,113/3,
4133,亞諾法,27.75,2.59,112.0,28.61,1.3,113/3,
4137,麗豐-KY,106.0,9.55,112.0,12.24,1.59,113/3,
4142,國光生,19.2,0.0,112.0,-,1.53,113/3,
4148,全宇生技-KY,45.4,2.2,112.0,29.10,1.11,113/3,
4155,訊映,20.8,1.44,112.0,130.00,1.25,113/3,
4164,承業醫,40.15,4.98,112.0,20.70,1.07,113/3,
4190,佐登-KY,44.7,2.26,112.0,-,1.45,113/3,
4306,炎洲,16.95,5.78,112.0,10.53,0.84,113/3,
4414,如興,3.09,0.0,112.0,-,0.76,113/3,
4426,利勤,11.1,0.0,112.0,-,0.77,113/3,
4438,廣越,98.0,5.31,112.0,27.92,1.26,113/3,
4439,冠星-KY,95.5,4.19,112.0,24.36,1.13,113/3,
4440,宜新實業,23.75,4.21,112.0,14.05,1.21,113/3,
4526,東台,32.1,0.62,112.0,-,1.65,113/3,
4532,瑞智,25.3,3.95,112.0,14.21,1.23,113/3,
4536,拓凱,197.0,4.31,112.0,13.36,2.1,113/3,
4540,全球傳動,53.7,0.0,112.0,-,1.75,113/3,
4545,銘鈺,46.95,2.13,112.0,22.57,1.8,113/3,
4551,智伸科,107.5,2.33,112.0,20.87,1.48,113/3,
4552,力達-KY,24.0,4.58,112.0,11.21,0.45,113/3,
4555,氣立,39.0,1.28,112.0,-,0.96,113/3,
4557,永新-KY,124.0,4.84,112.0,13.14,2.42,113/3,
4560,強信-KY,35.7,2.8,112.0,22.31,1.32,113/3,
4562,穎漢,71.4,0.0,112.0,-,6.1,113/3,
4564,元翎,21.35,0.0,112.0,-,1.07,113/3,
4566,時碩工業,75.9,1.88,112.0,31.49,1.65,113/3,
4569,六方科-KY,202.5,2.22,112.0,33.53,2.24,113/3,
4571,鈞興-KY,252.0,1.23,112.0,31.46,4.62,113/3,
4572,駐龍,149.5,3.34,112.0,22.38,2.88,113/3,
4576,大銀微系統,128.5,0.08,112.0,535.42,4.05,113/3,
4581,光隆精密-KY,51.3,7.02,112.0,10.43,1.58,113/3,
4583,台灣精銳,775.0,1.29,112.0,60.41,6.24,113/3,
4588,玖鼎電力,80.7,3.72,112.0,22.93,4.04,113/3,
4720,德淵,18.55,2.91,112.0,15.72,1.25,113/3,
4722,國精化,44.65,2.24,112.0,19.58,1.49,113/3,
4736,泰博,143.0,6.99,112.0,15.33,1.57,113/3,
4737,華廣,65.5,3.05,112.0,-,2.17,113/3,
4739,康普,55.7,1.44,112.0,55.15,1.18,113/3,
4746,台耀,70.2,2.85,112.0,21.47,1.09,113/3,
4755,三福化,129.5,2.7,112.0,29.17,2.95,113/3,
4763,材料-KY,889.0,1.39,112.0,11.57,6.43,113/3,
4764,雙鍵,43.1,0.0,112.0,-,1.67,113/3,
4766,南寶,304.5,4.93,112.0,13.83,2.64,113/3,
4770,上品,301.5,3.98,112.0,14.19,3.03,113/3,
4771,望隼,165.0,1.96,112.0,13.95,2.84,113/3,
4807,日成-KY,19.95,0.0,112.0,-,1.02,113/3,
4904,遠傳,89.5,3.63,112.0,26.88,3.69,113/3,
4906,正文,33.95,4.36,112.0,41.40,1.13,113/3,
4912,聯德控股-KY,127.0,1.31,112.0,18.30,2.12,113/3,
4915,致伸,77.5,5.16,112.0,14.01,1.99,113/3,
4916,事欣科,29.7,1.35,112.0,-,1.49,113/3,
4919,新唐,88.0,3.41,112.0,37.29,2.29,113/3,
4927,泰鼎-KY,34.6,0.0,112.0,-,1.03,113/3,
4930,燦星網,30.05,7.65,112.0,11.83,0.73,113/3,
4934,太極,12.6,0.0,112.0,-,1.44,113/3,
4935,茂林-KY,61.6,2.44,112.0,18.55,0.95,113/3,
4938,和碩,90.3,4.43,112.0,13.26,1.22,113/3,
4942,嘉彰,41.25,5.58,112.0,11.40,0.66,113/3,
4943,康控-KY,13.1,0.0,112.0,-,3.83,113/3,
4949,有成精密,22.75,10.55,112.0,-,1.0,113/3,
4952,凌通,57.7,2.25,112.0,24.45,2.81,113/3,
4956,光鋐,31.3,0.0,112.0,-,1.84,113/3,
4958,臻鼎-KY,123.0,2.67,112.0,14.11,1.14,113/3,
4960,誠美材,13.0,0.0,112.0,-,0.83,113/3,
4961,天鈺,230.0,4.63,112.0,13.77,1.59,113/3,
4967,十銓,77.7,2.12,112.0,8.61,1.64,113/3,
4968,立積,209.5,0.0,112.0,361.21,8.18,113/3,
4976,佳凌,37.1,0.0,112.0,-,2.06,113/3,
4977,眾達-KY,138.5,1.59,112.0,139.90,2.81,113/3,
4989,榮科,17.1,0.0,112.0,-,1.12,113/3,
4994,傳奇,99.7,4.01,112.0,26.24,5.74,113/3,
4999,鑫禾,33.1,3.02,112.0,206.88,0.72,113/3,
5007,三星,53.3,5.63,112.0,14.37,2.25,113/3,
5203,訊連,87.0,3.22,112.0,28.71,1.5,113/3,
5215,科嘉-KY,44.55,3.37,112.0,13.92,0.81,113/3,
5222,全訊,123.0,3.25,112.0,22.86,4.25,113/3,
5225,東科-KY,131.5,5.0,112.0,11.13,2.97,113/3,
5234,達興材料,187.0,2.19,112.0,38.48,6.19,113/3,
5243,乙盛-KY,70.4,2.27,112.0,24.53,1.59,113/3,
5244,弘凱,51.0,2.35,112.0,20.73,1.93,113/3,
5258,虹堡,83.0,2.05,112.0,12.37,2.18,113/3,
5269,祥碩,2000.0,0.93,112.0,43.03,4.8,113/3,
5283,禾聯碩,103.0,7.77,112.0,15.61,1.75,113/3,
5284,jpp-KY,153.5,3.26,112.0,-,3.24,113/3,
5285,界霖,49.5,4.04,112.0,26.19,1.7,113/3,
5288,豐祥-KY,191.0,4.05,112.0,12.55,2.35,113/3,
5292,華懋,157.0,3.5,112.0,16.95,3.86,113/3,
5306,桂盟,122.5,2.88,112.0,18.12,1.83,113/3,
5388,中磊,124.0,4.03,112.0,14.99,2.35,113/3,
5434,崇越,295.0,3.39,112.0,16.70,3.35,113/3,
5469,瀚宇博,50.0,3.22,112.0,9.75,0.76,113/3,
5471,松翰,38.85,3.09,112.0,35.00,1.87,113/3,
5484,慧友,65.0,0.0,112.0,-,8.0,113/3,
5515,建國,27.0,3.7,112.0,9.54,1.17,113/3,
5519,隆大,33.3,6.61,112.0,7.87,1.37,113/3,
5521,工信,10.8,0.0,112.0,154.29,0.99,113/3,
5522,遠雄,81.0,4.32,112.0,13.55,1.39,113/3,
5525,順天,31.5,5.71,112.0,28.38,1.77,113/3,
5531,鄉林,9.95,0.0,112.0,-,0.99,113/3,
5533,皇鼎,20.05,5.99,112.0,13.64,0.6,113/3,
5534,長虹,84.8,6.49,112.0,11.47,1.29,113/3,
5538,東明-KY,32.8,3.05,112.0,18.02,0.93,113/3,
5546,永固-KY,29.95,6.68,112.0,-,1.09,113/3,
5607,遠雄港,41.3,4.12,112.0,23.74,1.47,113/3,
5608,四維航,16.7,0.0,112.0,-,0.67,113/3,
5706,鳳凰,65.0,4.62,112.0,17.02,3.15,113/3,
5871,中租-KY,111.0,6.04,112.0,8.38,1.2,113/3,
5876,上海商銀,40.15,4.48,112.0,18.50,1.01,113/3,
5880,合庫金,24.3,4.12,112.0,19.92,1.46,113/3,
5906,台南-KY,52.2,3.83,112.0,24.17,2.53,113/3,
5907,大洋-KY,11.3,0.0,112.0,-,0.44,113/3,
6005,群益證,23.7,5.61,112.0,10.92,1.21,113/3,
6024,群益期,56.6,6.08,112.0,9.93,1.6,113/3,
6108,競國,16.35,3.06,112.0,8.47,0.67,113/3,
6112,邁達特,51.3,5.36,112.0,31.28,2.28,113/3,
6115,鎰勝,50.8,5.91,112.0,17.46,1.85,113/3,
6116,彩晶,7.86,0.0,112.0,-,0.6,113/3,
6117,迎廣,90.8,0.0,112.0,23.71,4.73,113/3,
6120,達運,12.2,0.82,112.0,42.07,0.87,113/3,
6128,上福,33.9,7.37,112.0,10.66,1.03,113/3,
6133,金橋,20.0,0.0,112.0,57.14,1.93,113/3,
6136,富爾特,22.7,5.29,112.0,32.43,0.73,113/3,
6139,亞翔,202.5,4.43,112.0,11.41,3.55,113/3,
6141,柏承,14.05,0.0,112.0,-,1.18,113/3,
6142,友勁,12.85,0.0,112.0,-,1.4,113/3,
6152,百一,12.75,0.0,112.0,-,1.43,113/3,
6153,嘉聯益,15.7,0.0,112.0,-,0.86,113/3,
6155,鈞寶,26.4,3.22,112.0,37.18,1.41,113/3,
6164,華興,13.55,0.0,112.0,50.19,1.15,113/3,
6165,浪凡,45.35,0.88,112.0,45.81,2.52,113/3,
6166,凌華,75.7,1.32,112.0,-,3.21,113/3,
6168,宏齊,20.0,2.5,112.0,222.22,1.34,113/3,
6176,瑞儀,199.0,5.03,112.0,15.84,2.63,113/3,
6177,達麗,42.1,8.31,112.0,9.38,2.2,113/3,
6183,關貿,82.6,3.33,112.0,25.34,4.76,113/3,
6184,大豐電,51.7,5.8,112.0,14.56,1.7,113/3,
6189,豐藝,80.0,4.33,112.0,14.76,2.85,113/3,
6191,精成科,54.2,6.09,112.0,8.40,1.17,113/3,
6192,巨路,108.5,4.61,112.0,12.40,1.55,113/3,
6196,帆宣,144.0,4.17,112.0,16.96,2.53,113/3,
6197,佳必琪,149.5,2.81,112.0,18.48,4.61,113/3,
6201,亞弘電,56.0,6.96,112.0,12.81,1.83,113/3,
6202,盛群,46.75,0.96,112.0,-,2.93,113/3,
6205,詮欣,73.2,2.05,112.0,29.52,2.31,113/3,
6206,飛捷,84.5,4.73,112.0,14.20,2.51,113/3,
6209,今國光,28.25,1.77,112.0,-,1.69,113/3,
6213,聯茂,78.1,1.92,112.0,30.51,1.39,113/3,
6214,精誠,141.0,3.69,112.0,20.74,2.21,113/3,
6215,和椿,83.7,1.19,112.0,53.65,4.64,113/3,
6216,居易,41.5,3.98,112.0,17.22,2.14,113/3,
6224,聚鼎,57.0,2.63,112.0,32.57,2.14,113/3,
6225,天瀚,13.85,0.0,112.0,46.17,4.57,113/3,
6226,光鼎,8.98,0.0,112.0,-,0.92,113/3,
6230,尼得科超眾,196.0,0.54,112.0,170.43,2.85,113/3,
6235,華孚,66.7,2.52,112.0,18.27,2.99,113/3,
6239,力成,121.5,5.76,112.0,9.84,1.65,113/3,
6243,迅杰,47.55,2.52,112.0,132.08,2.61,113/3,
6257,矽格,68.0,3.82,112.0,14.62,1.69,113/3,
6269,台郡,63.3,7.9,112.0,51.89,0.84,113/3,
6271,同欣電,135.5,1.77,112.0,15.56,1.12,113/3,
6277,宏正,75.6,5.69,112.0,19.48,1.94,113/3,
6278,台表科,108.0,4.63,112.0,10.96,1.48,113/3,
6281,全國電,82.2,5.47,112.0,17.87,2.92,113/3,
6282,康舒,30.1,1.66,112.0,-,1.14,113/3,
6283,淳安,26.3,0.0,112.0,-,2.47,113/3,
6285,啟碁,137.5,4.36,112.0,20.19,2.17,113/3,
6288,聯嘉,26.65,0.71,112.0,78.38,1.69,113/3,
6405,悅城,32.6,0.31,112.0,-,0.92,113/3,
6409,旭隼,1865.0,2.01,112.0,39.40,18.57,113/3,
6412,群電,118.5,5.06,112.0,13.72,3.2,113/3,
6414,樺漢,291.0,3.9,112.0,17.73,1.7,113/3,
6415,矽力*-KY,398.0,0.49,112.0,100.51,4.56,113/3,
6416,瑞祺電通,107.5,2.6,112.0,26.22,2.28,113/3,
6423,億而得-創,97.0,1.03,112.0,97.98,5.18,113/3,
6426,統新,84.0,0.6,112.0,-,3.27,113/3,
6431,光麗-KY,14.15,0.0,112.0,-,1.95,113/3,
6438,迅得,187.0,2.86,112.0,36.88,3.4,113/3,
6442,光聖,578.0,0.36,112.0,67.05,13.92,113/3,
6443,元晶,18.0,2.22,112.0,56.25,1.23,113/3,
6446,藥華藥,566.0,0.0,112.0,101.80,7.21,113/3,
6449,鈺邦,141.0,1.63,112.0,29.19,3.31,113/3,
6451,訊芯-KY,236.5,1.04,112.0,140.77,3.82,113/3,
6456,GIS-KY,46.9,0.0,112.0,-,0.53,113/3,
6464,台數科,79.5,5.5,112.0,14.38,1.27,113/3,
6472,保瑞,737.0,1.63,112.0,19.43,6.41,113/3,
6477,安集,27.25,2.94,112.0,-,1.03,113/3,
6491,晶碩,355.0,2.82,112.0,13.87,2.62,113/3,
6504,南六,63.3,1.74,112.0,301.43,1.29,113/3,
6505,台塑化,34.7,5.76,112.0,54.22,1.07,113/3,
6515,穎崴,1075.0,1.02,112.0,42.47,8.39,113/3,
6525,捷敏-KY,64.8,5.4,112.0,14.40,1.95,113/3,
6526,達發,691.0,0.72,112.0,52.27,6.45,113/3,
6531,愛普*,327.0,2.14,112.0,36.70,4.66,113/3,
6533,晶心科,387.0,0.0,112.0,-,4.18,113/3,
6534,正瀚-創,80.6,5.07,112.0,21.73,3.17,113/3,
6541,泰福-KY,60.8,0.0,112.0,-,8.69,113/3,
6550,北極星藥業-KY,43.1,0.0,112.0,-,5.29,113/3,
6552,易華電,36.85,0.81,112.0,-,1.0,113/3,
6558,興能高,36.8,0.0,112.0,-,2.3,113/3,
6573,虹揚-KY,14.95,0.0,112.0,-,1.97,113/3,
6579,研揚,122.5,5.28,112.0,28.29,2.12,113/3,
6581,鋼聯,112.0,3.84,112.0,16.37,2.96,113/3,
6582,申豐,61.2,0.0,112.0,556.36,1.05,113/3,
6585,鼎基,139.5,2.8,112.0,14.03,2.61,113/3,
6591,動力-KY,49.5,5.49,112.0,16.34,0.99,113/3,
6592,和潤企業,76.6,5.22,112.0,15.86,1.5,113/3,
6598,ABC-KY,20.3,0.0,112.0,-,2.27,113/3,
6605,帝寶,220.5,2.95,112.0,12.30,2.0,113/3,
6606,建德工業,27.05,5.55,112.0,28.47,1.65,113/3,
6625,必應,84.2,5.34,112.0,15.12,4.59,113/3,
6641,基士德-KY,33.4,2.99,112.0,14.91,0.82,113/3,
6645,金萬林-創,25.7,0.0,112.0,-,2.69,113/3,
6655,科定,125.0,7.2,112.0,26.60,4.26,113/3,
6657,華安,52.2,0.0,112.0,-,6.21,113/3,
6658,聯策,78.4,1.53,112.0,373.33,2.39,113/3,
6666,羅麗芬-KY,49.0,2.65,112.0,25.00,1.36,113/3,
6668,中揚光,49.7,0.0,112.0,-,2.33,113/3,
6669,緯穎,2640.0,1.59,112.0,25.49,6.14,113/3,
6670,復盛應用,298.0,4.13,112.0,12.55,3.07,113/3,
6671,三能-KY,41.5,6.02,112.0,14.07,1.45,113/3,
6672,騰輝電子-KY,63.4,5.28,112.0,12.41,1.34,113/3,
6674,鋐寶科技,24.0,0.0,112.0,-,1.54,113/3,
6689,伊雲谷,109.0,1.83,112.0,40.07,2.54,113/3,
6691,洋基工程,399.5,4.51,112.0,24.07,7.45,113/3,
6695,芯鼎,62.8,0.0,112.0,-,3.64,113/3,
6698,旭暉應材,35.45,0.0,112.0,-,2.01,113/3,
6706,惠特,135.5,0.0,112.0,-,2.93,113/3,
6715,嘉基,164.0,2.01,112.0,30.31,3.05,113/3,
6719,力智,220.0,0.9,112.0,94.42,1.69,113/3,
6742,澤米,53.5,2.24,112.0,-,2.7,113/3,
6743,安普新,40.3,1.24,112.0,17.45,2.01,113/3,
6753,龍德造船,98.6,1.62,112.0,13.87,3.14,113/3,
6754,匯僑設計,63.7,5.49,112.0,10.19,1.83,113/3,
6756,威鋒電子,125.0,1.6,112.0,61.58,3.11,113/3,
6757,台灣虎航,73.6,0.0,112.0,11.17,4.93,113/3,
6768,志強-KY,122.0,3.11,112.0,18.40,1.67,113/3,
6770,力積電,15.3,0.0,112.0,-,0.71,113/3,
6771,平和環保-創,57.3,6.98,112.0,13.87,2.15,113/3,
6776,展碁國際,59.1,5.92,112.0,12.90,2.28,113/3,
6781,AES-KY,979.0,1.18,112.0,43.76,6.05,113/3,
6782,視陽,176.5,1.36,112.0,17.97,2.96,113/3,
6789,采鈺,281.5,0.36,112.0,73.50,5.1,113/3,
6790,永豐實,42.65,7.03,112.0,12.54,2.06,113/3,
6792,詠業,61.5,5.85,112.0,32.20,1.82,113/3,
6794,向榮生技-創,70.3,0.0,112.0,-,5.81,113/3,
6796,晉弘,84.0,2.14,112.0,-,4.13,113/3,
6799,來頡,94.8,3.13,112.0,26.70,2.66,113/3,
6805,富世達,841.0,0.65,112.0,58.24,11.19,113/3,
6806,森崴能源,113.0,1.27,112.0,31.83,2.07,113/3,
6807,峰源-KY,88.4,2.94,112.0,11.96,1.96,113/3,
6830,汎銓,155.0,2.9,112.0,68.58,2.57,113/3,
6834,天二科技,32.1,0.0,112.0,246.92,1.95,113/3,
6835,圓裕,39.85,5.02,112.0,11.76,1.54,113/3,
6838,台新藥,37.65,0.0,112.0,-,3.55,113/3,
6854,錼創科技-KY創,166.5,0.0,112.0,-,9.29,113/3,
6861,睿生光電,60.3,1.82,112.0,21.08,1.81,113/3,
6862,三集瑞-KY,173.0,2.37,112.0,19.39,4.5,113/3,
6863,永道-KY,235.0,1.28,112.0,24.48,3.03,113/3,
6869,雲豹能源,179.0,2.97,112.0,88.18,4.34,113/3,
6873,泓德能源,214.0,2.0,112.0,22.77,3.05,113/3,
6885,全福生技,31.2,0.0,112.0,-,2.34,113/3,
6890,來億-KY,387.5,1.14,112.0,70.07,4.19,113/3,
6901,鑽石投資,32.3,0.0,112.0,-,2.47,113/3,
6902,GOGOLOOK-創,125.0,0.0,112.0,-,9.57,113/3,
6906,現觀科,146.5,2.05,112.0,44.26,5.52,113/3,
6914,阜爾運通,115.0,3.96,112.0,16.17,2.29,113/3,
6916,華凌,23.15,4.54,112.0,144.69,1.38,113/3,
6919,康霈*,603.0,0.0,112.0,-,9.51,113/3,
6923,中台,80.0,3.63,112.0,23.26,2.76,113/3,
6924,榮惠-KY創,89.6,4.46,112.0,16.00,3.57,113/3,
6928,攸泰科技,56.9,1.76,112.0,-,2.28,113/3,
6933,AMAX-KY,214.0,1.39,112.0,55.87,4.37,113/3,
6937,天虹,369.5,0.54,112.0,60.97,7.64,113/3,
6949,沛爾生醫-創,80.6,0.0,112.0,-,3.67,113/3,
6951,青新-創,71.8,3.27,112.0,17.95,3.28,113/3,
6952,大武山,48.5,2.06,112.0,26.22,1.92,113/3,
6955,邦睿生技-創,141.0,0.85,112.0,54.86,8.66,113/3,
6957,裕慶-KY,212.5,6.12,112.0,13.33,4.62,113/3,
6958,日盛台駿,24.3,4.12,112.0,20.25,0.88,113/3,
6962,ITH-KY,55.5,1.95,112.0,22.75,1.48,113/3,
6969,成信實業*-創,42.0,0.0,112.0,-,4.78,113/3,
6988,威力暘-創,25.75,1.36,112.0,2575.00,1.53,113/3,
7705,三商餐飲,71.4,4.48,112.0,17.00,3.53,113/3,
7722,LINEPAY,439.0,0.0,112.0,42.75,4.45,113/3,
8011,台通,24.8,0.0,112.0,31.79,1.37,113/3,
8016,矽創,216.5,5.54,112.0,13.92,2.31,113/3,
8021,尖點,33.6,2.38,112.0,24.71,1.05,113/3,
8028,昇陽半導體,133.5,1.35,112.0,78.53,5.88,113/3,
8033,雷虎,58.0,0.0,112.0,223.08,6.61,113/3,
8039,台虹,45.2,3.05,112.0,18.45,1.08,113/3,
8045,達運光電,68.0,6.62,112.0,10.64,4.33,113/3,
8046,南電,111.0,4.95,112.0,82.84,1.59,113/3,
8070,長華*,46.05,5.43,112.0,23.62,1.76,113/3,
8072,陞泰,24.25,3.09,112.0,30.31,0.86,113/3,
8081,致新,238.0,5.88,112.0,14.08,2.77,113/3,
8101,華冠,19.65,0.0,112.0,-,5.63,113/3,
8103,瀚荃,47.6,2.58,112.0,16.47,1.14,113/3,
8104,錸寶,46.9,0.0,112.0,390.83,1.73,113/3,
8105,凌巨,14.9,0.67,112.0,-,0.83,113/3,
8110,華東,13.85,1.44,112.0,46.17,0.68,113/3,
8112,至上,59.2,6.82,112.0,12.49,1.79,113/3,
8114,振樺電,353.5,1.33,112.0,40.03,6.72,113/3,
8131,福懋科,28.0,3.21,112.0,15.91,1.09,113/3,
8150,南茂,31.35,5.74,112.0,13.63,0.92,113/3,
8162,微矽電子-創,39.4,1.27,112.0,32.83,1.92,113/3,
8163,達方,42.85,9.33,112.0,16.74,1.05,113/3,
8201,無敵,16.05,0.0,112.0,-,2.08,113/3,
8210,勤誠,270.0,1.85,112.0,16.17,4.91,113/3,
8213,志超,34.45,2.9,112.0,10.70,0.59,113/3,
8215,明基材,30.7,3.91,112.0,52.03,1.72,113/3,
8222,寶一,35.9,0.84,112.0,35.20,2.8,113/3,
8249,菱光,56.0,1.95,112.0,24.14,1.27,113/3,
8261,富鼎,89.2,2.79,112.0,23.72,1.95,113/3,
8271,宇瞻,44.05,7.15,112.0,13.85,1.27,113/3,
8341,日友,87.4,4.35,112.0,25.04,2.21,113/3,
8367,建新國際,46.0,5.43,112.0,12.20,1.3,113/3,
8374,羅昇,145.0,0.21,112.0,1035.71,8.2,113/3,
8404,百和興業-KY,25.8,0.0,112.0,73.71,1.58,113/3,
8411,福貞-KY,12.65,0.63,112.0,-,0.47,113/3,
8422,可寧衛,178.5,5.6,112.0,18.97,3.2,113/3,
8429,金麗-KY,11.75,0.0,112.0,587.50,0.34,113/3,
8438,昶昕,31.05,2.9,112.0,14.24,1.21,113/3,
8442,威宏-KY,104.5,5.03,112.0,10.13,1.95,113/3,
8443,阿瘦,11.55,0.0,112.0,-,0.98,113/3,
8454,富邦媒,345.0,4.29,112.0,24.95,9.75,113/3,
8462,柏文,112.5,1.88,112.0,30.99,4.75,113/3,
8463,潤泰材,25.5,2.55,112.0,21.61,1.53,113/3,
8464,億豐,372.5,3.22,112.0,17.09,4.29,113/3,
8466,美吉吉-KY,40.4,0.74,112.0,49.27,1.01,113/3,
8467,波力-KY,311.0,0.0,112.0,31.32,6.18,113/3,
8473,山林水,35.9,0.89,112.0,31.77,0.95,113/3,
8476,台境*,24.3,9.88,112.0,11.97,1.9,113/3,
8478,東哥遊艇,209.0,5.74,112.0,11.25,2.29,113/3,
8481,政伸,49.9,4.01,112.0,21.70,2.03,113/3,
8482,商億-KY,85.7,2.68,112.0,28.76,2.65,113/3,
8487,愛爾達-創,70.0,6.43,112.0,10.51,2.83,113/3,
8488,吉源-KY,13.6,0.0,112.0,-,0.4,113/3,
8499,鼎炫-KY,118.0,3.39,112.0,13.55,0.62,113/3,
8926,台汽電,40.9,4.72,112.0,25.72,1.99,113/3,
8940,新天地,23.7,0.0,112.0,94.80,2.41,113/3,
8996,高力,323.5,1.23,112.0,54.92,9.04,113/3,
9802,鈺齊-KY,119.5,4.18,112.0,26.61,1.75,113/3,
9902,台火,15.55,1.93,112.0,19.44,1.19,113/3,
9904,寶成,38.7,2.84,112.0,8.25,0.81,113/3,
9905,大華,22.75,4.84,112.0,14.87,0.88,113/3,
9906,欣巴巴,112.0,4.79,112.0,33.43,6.14,113/3,
9907,統一實,14.8,2.03,112.0,22.09,1.15,113/3,
9908,大台北,30.1,3.99,112.0,15.36,1.1,113/3,
9910,豐泰,132.0,3.26,112.0,23.20,5.45,113/3,
9911,櫻花,83.0,4.67,112.0,13.56,2.93,113/3,
9912,偉聯,12.1,0.0,112.0,-,1.43,113/3,
9914,美利達,155.0,3.87,112.0,31.76,2.16,113/3,
9917,中保科,130.0,4.0,112.0,20.44,4.67,113/3,
9918,欣天然,39.75,3.77,112.0,17.59,2.2,113/3,
9919,康那香,17.3,1.73,112.0,-,1.27,113/3,
9921,巨大,147.0,3.4,112.0,23.52,1.65,113/3,
9924,福興,51.4,5.84,112.0,10.53,1.33,113/3,
9925,新保,40.9,4.89,112.0,17.63,1.33,113/3,
9926,新海,51.0,3.92,112.0,18.68,2.26,113/3,
9927,泰銘,62.5,8.24,112.0,10.56,1.65,113/3,
9928,中視,16.5,0.0,112.0,50.00,0.47,113/3,
9929,秋雨,16.0,0.0,112.0,-,2.01,113/3,
9930,中聯資源,66.5,4.51,112.0,15.29,2.69,113/3,
9931,欣高,33.75,2.96,112.0,14.61,1.4,113/3,
9933,中鼎,40.5,5.06,112.0,16.01,1.72,113/3,
9934,成霖,13.8,8.7,112.0,10.15,0.9,113/3,
9935,慶豐富,29.85,1.68,112.0,15.88,2.03,113/3,
9937,全國,61.8,3.4,112.0,25.64,3.48,113/3,
9938,百和,68.9,1.45,112.0,16.33,1.62,113/3,
9939,宏全,146.0,3.66,112.0,14.70,2.36,113/3,
9940,信義,28.5,5.61,112.0,10.75,1.54,113/3,
9941,裕融,102.0,5.98,112.0,12.58,1.76,113/3,
9942,茂順,113.0,6.19,112.0,13.02,2.37,113/3,
9943,好樂迪,79.1,6.57,112.0,16.55,2.54,113/3,
9944,新麗,19.95,3.01,112.0,166.25,0.61,113/3,
9945,潤泰新,42.2,3.55,112.0,10.60,1.13,113/3,
9946,三發地產,23.0,3.04,112.0,26.14,1.13,113/3,
9955,佳龍,27.65,0.0,112.0,-,2.3,113/3,
9958,世紀鋼,173.5,1.68,112.0,21.16,3.48,113/3,
1259,安心,,2.79,112.0,22.95,0.86,,1.8
1264,德麥,,4.49,112.0,15.53,3.53,,14.0
1268,漢來美食,,4.71,112.0,17.37,2.84,,7.0
1294,漢田生技,,4.45,112.0,14.01,3.15,,4.0
1336,台翰,,1.65,112.0,13.36,1.02,,0.41
1565,精華,,3.56,112.0,15.77,1.57,,7.0
1569,濱川,,1.66,112.0,,2.47,,1.0
1570,力肯,,3.64,112.0,15.54,1.44,,1.0
1580,新麥,,6.23,112.0,11.48,2.41,,9.0
1584,精剛,,5.44,112.0,8.45,1.42,,1.5
1586,和勤,,0.48,112.0,42.19,1.42,,0.1303314
1591,駿吉-KY,,0.0,112.0,,3.99,,0.0
1593,祺驊,,4.4,112.0,28.62,1.11,,1.6
1595,川寶,,2.0,112.0,,0.9,,0.9981357
1599,宏佳騰,,0.0,112.0,147.62,1.15,,0.0
1742,台蠟,,0.0,112.0,55.16,1.12,,0.0
1777,生泰,,3.76,112.0,12.68,1.68,,3.5
1781,合世,,0.0,112.0,,2.11,,0.0
1784,訊聯,,1.79,112.0,75.33,3.21,,1.41847555
1785,光洋科,,1.95,112.0,27.92,2.69,,1.20013385
1788,杏昌,,5.04,112.0,16.71,2.1,,7.0
1796,金穎生技,,4.24,112.0,,2.49,,2.0
1799,易威,,0.0,112.0,,10.08,,0.0
1813,寶利徠,,2.72,112.0,,1.14,,0.5
1815,富喬,,0.0,112.0,,1.97,,0.0
2035,唐榮,,0.0,112.0,,2.68,,0.0
2061,風青,,0.0,112.0,,1.7,,0.0
2063,世鎧,,12.62,112.0,16.58,1.6,,4.5
2064,晉椿,,0.0,112.0,,0.98,,0.0
2065,世豐,,8.12,112.0,14.46,1.65,,4.34545793
2066,世德,,4.24,112.0,11.8,1.79,,3.77751226
2067,嘉鋼,,0.0,112.0,,1.87,,0.0
2070,精湛,,2.11,112.0,19.94,2.81,,1.5
2073,雄順,,2.14,112.0,40.58,1.76,,0.6
2221,大甲,,4.48,112.0,17.09,1.24,,1.3
2230,泰茂,,0.83,112.0,18.68,5.09,,0.93861079
2235,謚源,,5.43,112.0,21.0,1.28,,2.5
2596,綠意,,2.49,112.0,154.62,2.09,,1.0
2640,大車隊,,4.72,112.0,15.26,3.91,,6.0
2641,正德,,2.71,112.0,9.08,0.78,,0.48155935
2643,捷迅,,6.7,112.0,10.91,1.39,,5.0
2718,全心投控,,3.52,112.0,2.43,1.45,,3.0
2719,燦星旅,,0.0,112.0,14.54,4.36,,0.0
2724,藝舍-KY,,0.0,112.0,14.0,4.93,,0.0
2726,雅茗-KY,,0.0,112.0,13.99,2.3,,0.0
2729,瓦城,,5.42,112.0,23.44,3.17,,11.0
2732,六角,,6.31,112.0,20.2,2.43,,6.49655101
2734,易飛網,,0.0,112.0,17.48,2.88,,0.0
2736,富野,,0.0,112.0,,1.02,,0.0
2740,天蔥,,0.0,112.0,,5.45,,0.0
2743,山富,,2.99,112.0,11.24,3.57,,3.0
2745,五福,,3.41,112.0,9.45,4.16,,3.5
2751,王座,,7.47,112.0,16.81,3.03,,5.0
2752,豆府,,5.56,112.0,16.97,5.13,,13.3
2754,亞洲藏壽司,,1.74,112.0,40.14,2.42,,1.5
2755,揚秦,,3.55,112.0,18.76,3.95,,3.6
2756,聯發國際,,6.05,112.0,32.21,3.41,,4.5
2916,滿心,,8.12,112.0,12.96,2.12,,4.0
2924,宏太-KY,,0.0,112.0,,2.63,,0.0
2926,誠品生活,,0.0,112.0,113.45,3.97,,0.0
2937,集雅社,,5.28,112.0,12.03,1.59,,2.0
2941,米斯特,,5.13,112.0,19.94,2.64,,3.18161143
2947,振宇五金,,1.56,112.0,25.46,2.14,,1.3
2948,寶陞,,6.9,112.0,22.86,1.42,,3.31428571
2949,欣新網,,3.14,112.0,20.86,1.99,,2.5
3064,泰偉,,0.0,112.0,248.33,9.01,,0.0
3066,李洲,,0.0,112.0,19.03,1.55,,0.0
3067,全域,,0.0,112.0,,2.1,,0.0
3071,協禧,,3.84,112.0,41.88,1.97,,1.03
3073,天方能源,,0.0,112.0,108.57,4.33,,0.0
3078,僑威,,6.96,112.0,13.77,2.39,,4.8
3081,聯亞,,0.14,112.0,,8.54,,0.4999733
3083,網龍,,0.0,112.0,51.33,2.72,,0.0
3085,新零售,,0.0,112.0,,3.51,,0.0
3086,華義,,1.01,112.0,136.7,11.44,,1.50000004
3088,艾訊,,4.01,112.0,15.76,2.5,,4.29279723
3093,港建*,,6.72,112.0,27.63,3.96,,1.8
3095,及成,,0.0,112.0,25.18,4.42,,0.0
3105,穩懋,,0.0,112.0,31.13,1.27,,0.0
3114,好德,,4.63,112.0,30.83,1.1,,1.2
3115,富榮綱,,0.0,112.0,,2.06,,0.0
3118,進階,,5.36,112.0,15.69,1.91,,1.7
3122,笙泉,,0.0,112.0,,2.98,,0.0
3128,昇銳,,2.91,112.0,28.59,1.8,,0.8
3131,弘塑,,0.96,112.0,62.36,11.18,,16.0
3141,晶宏,,0.7,112.0,,2.21,,0.50685875
3147,大綜,,2.95,112.0,24.39,5.12,,5.0
3152,璟德,,2.07,112.0,30.34,3.35,,3.68
3162,精確,,0.0,112.0,,1.83,,0.0
3163,波若威,,2.68,112.0,29.96,4.05,,3.6
3169,亞信,,3.37,112.0,29.63,3.85,,3.5
3171,炎洲流通,,5.63,112.0,11.38,1.7,,2.0
3176,基亞,,0.0,112.0,,2.61,,0.0
3178,公準,,3.64,112.0,48.66,2.31,,2.25
3188,鑫龍騰,,5.87,112.0,7.02,1.85,,1.6
3191,雲嘉南,,0.0,112.0,,3.41,,0.0
3202,樺晟,,0.0,112.0,,0.7,,0.0
3205,佰研,,0.0,112.0,,2.18,,0.0
3206,志豐,,6.0,112.0,10.71,1.58,,2.5
3207,耀勝,,0.97,112.0,770.83,3.97,,0.89865405
3211,順達,,2.9,112.0,10.36,2.79,,5.52904
3213,茂訊,,6.36,112.0,8.86,1.78,,5.4
3217,優群,,4.0,112.0,15.56,3.2,,6.4
3218,大學光,,3.5,112.0,15.71,5.0,,7.0
3219,倚強科,,0.86,112.0,152.14,2.3,,0.36466706
3221,台嘉碩,,2.74,112.0,53.23,1.24,,0.7002741
3224,三顧,,0.0,112.0,,3.07,,0.0
3226,至寶電,,1.09,112.0,9.12,1.63,,0.5
3227,原相,,1.91,112.0,23.05,3.19,,4.51535132
3228,金麗科,,0.0,112.0,,24.35,,0.0
3230,錦明,,0.0,112.0,17.1,4.22,,0.0
3232,昱捷,,2.15,112.0,155.33,1.55,,0.5
3234,光環,,0.0,112.0,,5.04,,0.0
3236,千如,,1.08,112.0,,1.37,,0.22
3252,海灣,,0.0,112.0,,0.51,,0.0
3259,鑫創,,0.0,112.0,,4.52,,0.0
3260,威剛,,3.8,112.0,7.51,1.46,,3.0
3264,欣銓,,6.08,112.0,11.78,1.44,,3.3
3265,台星科,,4.17,112.0,20.0,2.59,,4.8
3268,海德威,,0.0,112.0,,1.54,,0.0
3272,東碩,,0.0,112.0,,1.11,,0.0
3276,宇環,,1.31,112.0,127.08,1.33,,0.2
3284,太普高,,1.98,112.0,11.08,2.21,,0.6
3285,微端,,3.71,112.0,32.47,1.94,,1.0
3287,廣寰科,,2.59,112.0,15.6,2.44,,0.843929
3288,點晶,,0.0,112.0,,3.64,,0.0
3289,宜特,,2.68,112.0,23.68,3.01,,3.72716138
3290,東浦,,3.2,112.0,18.96,1.7,,0.99525139
3293,鈊象,,4.58,112.0,34.34,20.2,,45.0
3294,英濟,,0.0,112.0,59.02,1.56,,0.0
3297,杭特,,0.0,112.0,,1.29,,0.0
3303,岱稜,,3.46,112.0,13.64,2.26,,1.75
3306,鼎天,,2.46,112.0,18.72,0.84,,1.3
3310,佳穎,,4.67,112.0,30.36,3.51,,4.29970743
3313,斐成,,0.0,112.0,11.07,1.55,,0.0
3317,尼克森,,3.85,112.0,20.69,1.27,,1.80013374
3322,建舜電,,1.35,112.0,,1.21,,0.22554785
3323,加百裕,,0.0,112.0,,1.27,,0.0
3324,雙鴻,,0.98,112.0,36.07,6.92,,6.34797488
3325,旭品,,0.0,112.0,,1.74,,0.0
3332,幸康,,4.0,112.0,18.87,1.12,,1.6
3339,泰谷,,0.0,112.0,171.59,2.69,,0.0
3349,寶德,,0.0,112.0,,2.46,,0.0
3354,律勝,,0.93,112.0,,1.74,,0.2
3357,臺慶科,,3.9,112.0,18.87,1.65,,4.5
3360,尚立,,0.0,112.0,,1.29,,0.0
3362,先進光,,0.48,112.0,80.69,7.72,,1.0
3363,上詮,,0.21,112.0,,9.46,,0.5
3372,典範,,0.0,112.0,,1.49,,0.0
3373,熱映,,5.08,112.0,,0.98,,1.0
3374,精材,,0.98,112.0,33.61,6.42,,2.0
3379,彬台,,0.54,112.0,33.5,2.37,,0.2
3388,崇越電,,4.48,112.0,17.47,1.15,,3.1
3390,旭軟,,2.68,112.0,28.06,1.46,,0.7
3402,漢科,,4.48,112.0,15.44,3.78,,4.5
3426,台興,,4.17,112.0,15.48,1.74,,2.0
3430,奇鈦科,,3.36,112.0,14.83,1.86,,2.0
3434,哲固,,1.77,112.0,24.52,2.36,,0.5
3438,類比科,,0.79,112.0,47.95,1.61,,0.5
3441,聯一光,,1.4,112.0,53.28,1.85,,0.5
3444,利機,,3.16,112.0,48.17,3.4,,2.5
3455,由田,,4.17,112.0,25.0,2.9,,5.0
3465,進泰電子,,5.83,112.0,,2.24,,3.0
3466,德晉,,0.0,112.0,,4.85,,0.0
3479,安勤,,6.81,112.0,13.88,2.01,,5.98868238
3483,力致,,3.4,112.0,23.42,2.71,,5.04975935
3484,崧騰,,2.22,112.0,14.27,1.4,,1.1998946
3489,森寶,,1.57,112.0,,1.74,,0.4
3490,單井,,4.12,112.0,11.3,1.2,,1.2
3491,昇達科,,1.06,112.0,46.95,7.75,,3.35101141
3492,長盛,,1.33,112.0,21.75,1.43,,0.33
3498,陽程,,0.0,112.0,,1.55,,0.0
3499,環天科,,0.0,112.0,,2.11,,0.0
3508,位速,,0.0,112.0,,3.96,,0.0
3511,矽瑪,,0.0,112.0,,2.07,,0.0
3512,皇龍,,11.04,112.0,9.16,1.36,,3.20569069
3516,亞帝歐,,0.85,112.0,98.33,0.92,,0.2
3520,華盈,,0.52,112.0,242.5,1.66,,0.1
3521,鴻翊,,0.0,112.0,,2.34,,0.0
3522,御嵿,,0.0,112.0,,2.84,,0.0
3523,迎輝,,0.0,112.0,,2.68,,0.0
3526,凡甲,,4.32,112.0,17.59,5.1,,11.39277243
3527,聚積,,2.91,112.0,1146.67,1.26,,2.0
3529,力旺,,0.52,112.0,145.15,82.17,,17.49899
3531,先益,,6.36,112.0,42.46,0.89,,1.7
3537,堡達,,4.6,112.0,19.43,2.53,,2.5
3540,曜越,,2.55,112.0,,1.44,,0.896266
3541,西柏,,0.0,112.0,,2.25,,0.0
3546,宇峻,,5.85,112.0,18.18,2.71,,4.50000014
3548,兆利,,2.48,112.0,20.58,2.11,,4.5
3551,世禾,,2.3,112.0,19.68,1.85,,2.8
3552,同致,,3.25,112.0,38.42,1.95,,3.0
3555,博士旺,,0.0,112.0,,3.63,,0.0
3556,禾瑞亞,,2.12,112.0,90.32,2.37,,0.9
3558,神準,,1.91,112.0,42.31,2.21,,4.0
3564,其陽,,0.48,112.0,73.98,3.1,,0.35
3567,逸昌,,8.85,112.0,14.59,1.76,,2.7
3570,大塚,,4.58,112.0,14.35,3.17,,8.0
3577,泓格,,1.61,112.0,38.75,3.03,,1.0
3580,友威科,,2.42,112.0,17.34,3.22,,2.02
3581,博磊,,1.0,112.0,1670.0,3.06,,0.5
3587,閎康,,3.58,112.0,23.76,3.48,,8.92658585
3594,磐儀,,1.14,112.0,74.08,2.27,,0.6
3597,映興,,0.69,112.0,88.37,2.9,,0.3
3609,三一東林,,0.0,112.0,,6.0,,0.0
3611,鼎翰,,6.5,112.0,13.55,1.85,,12.99793213
3615,安可,,2.55,112.0,78.57,0.83,,0.7
3623,富晶通,,0.0,112.0,,1.83,,0.0
3624,光頡,,2.82,112.0,23.25,1.49,,1.2
3625,西勝,,0.0,112.0,,3.03,,0.0
3628,盈正,,4.27,112.0,28.57,1.27,,2.0
3629,地心引力,,0.0,112.0,,9.28,,0.0
3630,新鉅科,,0.0,112.0,,2.08,,0.0
3631,晟楠,,0.0,112.0,,2.29,,0.0
3632,研勤,,0.0,112.0,,3.61,,0.0
3646,艾恩特,,5.26,112.0,17.48,2.05,,1.5
3663,鑫科,,0.85,112.0,254.81,4.09,,0.58697327
3664,安瑞-KY,,0.0,112.0,2340.0,4.66,,0.0
3666,光耀,,0.0,112.0,,3.38,,0.0
3672,康聯訊,,0.0,112.0,,2.25,,0.0
3675,德微,,2.22,112.0,29.88,4.46,,5.0
3680,家登,,1.52,112.0,40.24,4.9,,7.50736239
3684,榮昌,,1.8,112.0,26.18,2.1,,0.8
3685,元創精密,,0.0,112.0,,1.55,,0.0
3687,歐買尬,,1.77,112.0,36.82,1.83,,1.57424091
3689,湧德,,2.45,112.0,20.7,2.14,,2.4458291
3691,碩禾,,0.0,112.0,,1.04,,0.0
3693,營邦,,3.04,112.0,13.85,2.92,,10.0
3707,漢磊,,0.0,112.0,,2.24,,0.0
3709,鑫聯大投控,,2.72,112.0,18.29,1.35,,0.8
3710,連展投控,,0.0,112.0,,1.85,,0.0
3713,新晶投控,,0.0,112.0,,2.67,,0.0
4102,永日,,2.66,112.0,14.75,1.91,,0.8
4105,東洋,,4.81,112.0,16.16,2.91,,3.5
4107,邦特,,3.77,112.0,16.6,2.52,,4.5
4109,加捷生醫,,2.29,112.0,5.49,1.59,,0.5
4111,濟生,,3.58,112.0,22.32,1.3,,1.0
4113,聯上,,0.0,112.0,9.66,1.47,,0.0
4114,健喬,,4.8,112.0,20.18,1.98,,1.6
4116,明基醫,,4.17,112.0,18.51,1.95,,2.0
4120,友華,,2.08,112.0,21.86,0.8,,1.0
4121,優盛,,3.13,112.0,,0.91,,0.5
4123,晟德,,3.45,112.0,,1.55,,1.43061008
4126,太醫,,5.07,112.0,16.63,2.43,,4.8
4127,天良,,1.2,112.0,129.69,3.99,,0.5
4128,中天,,1.51,112.0,,1.78,,0.49999999
4129,聯合,,4.32,112.0,19.64,2.4,,4.00266145
4130,健亞,,2.17,112.0,148.21,1.57,,0.45
4131,浩泰,,0.0,112.0,,4.35,,0.0
4138,曜亞,,8.52,112.0,16.79,2.29,,7.75
4139,馬光-KY,,0.0,112.0,,3.0,,0.0
4147,中裕,,0.0,112.0,,5.4,,0.0
4153,鈺緯,,3.18,112.0,25.86,2.23,,1.25
4154,樂威科-KY,,0.0,112.0,,1.72,,0.0
4157,太景*-KY,,0.0,112.0,45.42,7.03,,0.0
4160,訊聯基因,,1.46,112.0,31.64,3.22,,1.01193677
4161,聿新科,,2.21,112.0,16.84,1.93,,0.7
4162,智擎,,1.74,112.0,33.94,3.11,,1.5
4163,鐿鈦,,3.1,112.0,27.29,2.21,,3.5
4167,松瑞藥,,0.43,112.0,34.39,1.8,,0.0851
4168,醣聯,,0.0,112.0,,2.5,,0.0
4171,瑞基,,0.0,112.0,,2.08,,0.0
4173,久裕,,4.35,112.0,17.48,0.84,,0.91967604
4174,浩鼎,,0.0,112.0,,5.59,,0.0
4175,杏一,,2.49,112.0,118.89,1.94,,1.59869966
4183,福永生技,,3.54,112.0,17.8,1.72,,0.8
4188,安克,,0.0,112.0,,2.39,,0.0
4192,杏國,,0.0,112.0,3430.0,3.87,,0.0
4198,欣大健康,,0.0,112.0,7.2,2.95,,0.0
4205,中華食,,3.42,112.0,21.08,3.94,,3.0
4207,環泰,,6.25,112.0,15.24,1.17,,1.0
4303,信立,,2.39,112.0,10.76,2.66,,1.16441658
4304,勝昱,,0.0,112.0,,6.36,,0.0
4305,世坤,,5.97,112.0,12.85,1.99,,2.5
4401,東隆興,,2.44,112.0,34.66,0.95,,0.5
4402,郡都開發,,0.0,112.0,,2.74,,0.0
4406,新昕纖,,0.0,112.0,,0.95,,0.0
4413,飛寶企業,,2.37,112.0,,1.56,,0.4
4416,三圓,,2.71,112.0,917.5,2.93,,1.98805698
4417,金洲,,4.84,112.0,10.36,1.19,,2.0
4419,皇家美食,,0.0,112.0,,8.78,,0.0
4420,光明,,36.76,112.0,1.15,1.49,,20.0
4430,耀億,,2.12,112.0,,0.73,,0.5
4432,銘旺實,,3.05,112.0,17.94,0.81,,0.69
4433,興采,,3.68,112.0,55.51,0.86,,1.0
4442,竣邦-KY,,2.06,112.0,15.58,1.9,,0.8
4502,健信,,0.0,112.0,111.11,1.66,,0.0
4503,金雨,,0.0,112.0,,3.35,,0.0
4506,崇友,,3.9,112.0,19.83,3.45,,4.0
4510,高鋒,,1.45,112.0,46.39,2.77,,0.7
4513,福裕,,2.46,112.0,,2.72,,0.8
4523,永彰,,0.0,112.0,,2.82,,0.0
4527,方土霖,,5.35,112.0,9.97,2.02,,2.4
4528,江興鍛,,2.33,112.0,286.67,0.96,,0.6
4529,淳紳,,0.0,112.0,,1.64,,0.0
4530,宏易,,0.0,112.0,,3.78,,0.0
4533,協易機,,2.99,112.0,40.63,2.36,,1.16479823
4534,慶騰,,0.0,112.0,,3.36,,0.0
4535,至興,,4.73,112.0,14.34,1.03,,1.6
4538,大詠城,,4.08,112.0,25.06,1.3,,0.79816602
4541,晟田,,0.0,112.0,3425.0,1.47,,0.0
4542,科嶠,,1.7,112.0,,4.28,,1.5
4543,萬在,,3.72,112.0,23.85,1.35,,1.5
4549,桓達,,2.48,112.0,37.42,5.25,,4.2
4550,長佳,,7.78,112.0,11.16,1.12,,2.1
4554,橙的,,3.47,112.0,14.33,1.49,,1.0
4556,旭然,,1.09,112.0,458.57,1.62,,0.35
4558,寶緯,,0.0,112.0,204.41,1.92,,0.0
4561,健椿,,1.28,112.0,21.28,3.33,,1.0
4563,百德,,0.51,112.0,32.01,3.56,,0.534
4568,科際精密,,5.01,112.0,21.35,1.45,,2.5
4577,達航科技,,0.0,112.0,,1.62,,0.0
4580,捷流閥業,,5.18,112.0,12.1,1.67,,4.79830887
4584,君帆,,3.17,112.0,16.71,1.9,,2.0
4609,唐鋒,,0.0,112.0,,2.38,,0.0
4702,中美實,,0.0,112.0,27.55,0.76,,0.0
4706,大恭,,0.64,112.0,38.23,1.64,,0.2
4707,磐亞,,6.5,112.0,15.74,0.88,,0.9
4711,永純,,3.32,112.0,,0.9,,0.5
4714,永捷,,0.0,112.0,78.57,1.33,,0.0
4716,大立,,0.0,112.0,18.27,1.48,,0.0
4721,美琪瑪,,1.58,112.0,24.29,4.09,,1.1
4726,永昕,,0.0,112.0,,4.14,,0.0
4728,雙美,,4.01,112.0,21.36,10.92,,11.0
4729,熒茂,,2.08,112.0,1200.0,1.68,,0.5
4735,豪展,,2.5,112.0,70.09,1.61,,1.0
4741,泓瀚,,5.34,112.0,16.68,1.2,,1.8
4743,合一,,0.58,112.0,,3.15,,0.49967501
4744,皇將,,0.5,112.0,95.95,0.97,,0.1
4745,合富-KY,,1.95,112.0,,0.57,,0.4
4747,強生,,2.09,112.0,39.34,1.91,,1.49839697
4754,國碳科,,4.34,112.0,14.54,2.51,,1.8
4760,勤凱,,2.51,112.0,22.87,3.69,,2.7
4767,誠泰科技,,4.66,112.0,10.99,1.07,,1.5
4768,晶呈科技,,2.29,112.0,66.29,4.83,,4.0
4772,台特化,,0.6,112.0,69.01,7.95,,1.0
4806,桂田文創,,0.0,112.0,,3.29,,0.0
4903,聯光通,,0.0,112.0,33.39,3.28,,0.0
4905,台聯電,,1.93,112.0,38.14,0.8,,1.5
4907,富宇,,1.95,112.0,8.4,3.14,,1.3
4908,前鼎,,2.38,112.0,40.56,4.88,,2.4
4909,新復興,,0.43,112.0,14.29,3.58,,0.5
4911,德英,,2.05,112.0,37.75,4.19,,1.170686
4923,力士,,5.74,112.0,,1.91,,2.0
4924,欣厚-KY,,0.0,112.0,,1.77,,0.0
4931,新盛力,,1.26,112.0,24.22,3.71,,0.8
4933,友輝,,4.56,112.0,11.07,1.49,,2.977099
4939,亞電,,2.51,112.0,62.34,1.26,,0.5
4945,陞達科技,,2.77,112.0,28.61,3.23,,2.0
4946,辣椒,,0.0,112.0,,6.37,,0.0
4950,牧東,,0.0,112.0,,3.35,,0.0
4951,精拓科,,3.78,112.0,16.12,2.63,,2.5
4953,緯軟,,4.15,112.0,15.15,2.31,,4.95741414
4966,譜瑞-KY,,1.65,112.0,24.74,2.86,,12.76692735
4971,IET-KY,,0.0,112.0,,2.03,,0.0
4972,湯石照明,,2.98,112.0,33.1,0.83,,0.7
4973,廣穎,,6.6,112.0,10.38,0.9,,2.0
4974,亞泰,,3.93,112.0,17.29,2.43,,4.2
4979,華星光,,0.83,112.0,45.01,7.62,,1.43000433
4987,科誠,,4.53,112.0,13.02,2.13,,3.5
4991,環宇-KY,,0.0,112.0,,4.68,,0.0
4995,晶達,,4.74,112.0,14.39,2.94,,3.19969628
5009,榮剛,,5.49,112.0,9.32,1.45,,2.5
5011,久陽,,5.04,112.0,13.5,0.88,,1.0
5013,強新,,2.83,112.0,18.85,1.15,,0.9
5014,建錩,,7.38,112.0,36.62,0.81,,1.0
5015,華祺,,8.24,112.0,84.65,1.69,,3.0
5016,松和,,2.55,112.0,17.19,0.93,,0.7
5201,凱衛,,5.31,112.0,26.4,2.15,,1.5
5202,力新,,2.92,112.0,6.33,1.66,,0.7
5205,中茂,,0.0,112.0,,6.6,,0.0
5206,坤悅,,3.19,112.0,10.82,1.98,,1.3
5209,新鼎,,6.02,112.0,12.52,5.3,,10.51163408
5210,寶碩,,0.0,112.0,,3.31,,0.0
5211,蒙恬,,0.0,112.0,,2.19,,0.0
5212,凌網,,5.21,112.0,14.33,3.85,,3.0
5213,亞昕,,1.65,112.0,34.49,1.51,,0.50548665
5220,萬達光電,,4.27,112.0,57.03,1.07,,0.9
5223,安力-KY,,0.0,112.0,,0.72,,0.0
5227,立凱-KY,,0.0,112.0,,4.8,,0.0
5228,鈺鎧,,0.0,112.0,,1.36,,0.0
5230,雷笛克光學,,1.84,112.0,36.97,1.12,,0.51682237
5236,凌陽創新,,4.71,112.0,17.85,3.5,,7.0
5245,智晶,,0.0,112.0,,1.58,,0.0
5251,天鉞電,,0.0,112.0,,2.08,,0.0
5263,智崴,,0.35,112.0,,2.61,,0.5
5272,笙科,,0.0,112.0,,1.51,,0.0
5274,信驊,,0.52,112.0,74.63,30.64,,20.0
5276,達輝-KY,,3.05,112.0,93.81,1.54,,0.6
5278,尚凡*,,3.45,112.0,49.27,20.41,,12.77456623
5287,數字,,5.79,112.0,15.33,5.25,,10.73850488
5289,宜鼎,,4.94,112.0,17.53,2.67,,10.4
5291,邑昇,,3.38,112.0,124.47,1.01,,0.8
5299,杰力,,4.7,112.0,18.0,1.4,,4.11
5301,寶得利,,0.0,112.0,,2.09,,0.0
5302,太欣,,0.0,112.0,,1.23,,0.0
5309,系統電,,1.69,112.0,54.61,2.65,,0.69998896
5310,天剛,,0.0,112.0,15.47,5.32,,0.0
5312,寶島科,,5.53,112.0,13.07,1.97,,6.0
5314,世紀,,0.37,112.0,47.14,22.36,,1.8
5315,光聯,,3.96,112.0,26.93,1.3,,0.8
5321,美而快,,1.7,112.0,,3.97,,1.0
5324,士開,,0.0,112.0,144.44,2.1,,0.0
5328,華容,,2.03,112.0,123.21,1.53,,0.35
5340,建榮,,0.0,112.0,72.27,3.8,,0.0
5344,立衛,,0.0,112.0,26.0,2.74,,0.0
5345,天揚,,0.0,112.0,,4.4,,0.0
5347,世界,,4.62,112.0,21.02,3.62,,4.5
5348,正能量智能,,0.0,112.0,,2.07,,0.0
5351,鈺創,,0.0,112.0,,2.6,,0.0
5353,台林,,4.01,112.0,19.14,1.97,,1.42
5355,佳總,,0.0,112.0,,1.73,,0.0
5356,協益,,7.57,112.0,4.4,0.68,,2.3
5364,力麗店,,0.0,112.0,,2.51,,0.0
5371,中光電,,3.69,112.0,35.86,1.3,,3.0
5381,合正,,0.0,112.0,62.84,3.75,,0.0
5386,青雲,,1.61,112.0,32.76,4.53,,1.3
5392,能率,,0.86,112.0,582.5,1.01,,0.3
5398,慕康生醫,,0.0,112.0,,1.82,,0.0
5403,中菲,,5.11,112.0,16.6,3.72,,6.00078664
5410,國眾,,6.47,112.0,18.41,2.09,,2.06146392
5425,台半,,3.69,112.0,34.97,1.75,,2.0
5426,振發,,0.0,112.0,70.11,2.02,,0.0
5432,新門,,0.67,112.0,119.2,7.98,,1.0
5438,東友,,1.83,112.0,118.7,1.08,,0.5
5439,高技,,3.27,112.0,38.85,4.95,,4.1
5443,均豪,,1.03,112.0,52.24,2.66,,1.2
5450,南良,,1.39,112.0,24.0,1.25,,0.24997755
5452,佶優,,0.47,112.0,122.5,2.21,,0.15
5455,昇益,,0.0,112.0,11.03,4.16,,0.0
5457,宣德,,0.54,112.0,31.9,2.17,,0.31944492
5460,同協,,0.0,112.0,,1.19,,0.0
5464,霖宏,,3.36,112.0,,1.24,,0.8
5465,富驊,,3.98,112.0,21.79,2.31,,1.5
5468,凱鈺,,0.0,112.0,,2.65,,0.0
5474,聰泰,,2.02,112.0,27.37,3.69,,3.5
5475,德宏,,0.0,112.0,,1.93,,0.0
5478,智冠,,7.2,112.0,17.43,1.95,,9.0
5481,新華,,0.0,112.0,,1.66,,0.0
5483,中美晶,,6.45,112.0,11.23,1.65,,8.8
5487,通泰,,0.0,112.0,,1.64,,0.0
5488,松普,,0.0,112.0,,1.17,,0.0
5489,彩富,,2.54,112.0,50.25,1.8,,1.02028666
5490,同亨,,0.0,112.0,,1.88,,0.0
5493,三聯,,4.01,112.0,13.44,1.81,,3.1
5498,凱崴,,0.0,112.0,,1.06,,0.0
5508,永信建,,8.3,112.0,6.83,3.76,,11.2912
5511,德昌,,8.05,112.0,8.16,1.19,,5.0
5512,力麒,,5.5,112.0,81.75,0.55,,0.54
5514,三豐,,2.53,112.0,98.75,1.44,,0.5
5516,雙喜,,2.75,112.0,,1.76,,0.5
5520,力泰,,5.6,112.0,9.44,1.92,,4.6
5523,豐謙,,5.46,112.0,18.67,1.41,,1.5
5529,鉅陞,,0.0,112.0,,2.58,,0.0
5530,龍巖,,0.0,112.0,19.6,0.91,,0.0
5536,聖暉*,,2.84,112.0,20.72,4.32,,10.5
5543,桓鼎-KY,,1.64,112.0,,1.54,,0.37607917
5548,安倉,,5.52,112.0,13.31,1.67,,1.5
5601,台聯櫃,,1.09,112.0,88.25,1.66,,0.385
5603,陸海,,4.62,112.0,14.61,1.41,,1.2
5604,中連,,4.76,112.0,16.8,2.04,,2.0
5609,中菲行,,7.41,112.0,12.58,1.97,,6.0
5701,劍湖山,,0.0,112.0,,1.08,,0.0
5703,亞都,,0.0,112.0,75.83,2.75,,0.0
5704,老爺知,,4.11,112.0,16.44,2.52,,1.5
5864,致和證,,10.27,112.0,4.62,0.79,,1.5
5878,台名,,5.42,112.0,19.53,2.14,,2.5
5902,德記,,3.69,112.0,18.97,3.19,,1.5
5903,全家,,3.06,112.0,11.32,4.39,,5.8
5904,寶雅,,4.28,112.0,18.93,8.09,,21.1
5905,南仁湖,,0.0,112.0,,1.24,,0.0
6015,宏遠證,,2.37,112.0,10.34,0.76,,0.25
6016,康和證,,8.68,112.0,9.01,0.86,,1.15
6020,大展證,,4.81,112.0,20.33,1.0,,0.89916258
6021,美好證,,2.49,112.0,28.29,0.95,,0.6
6023,元大期,,5.71,112.0,12.45,1.65,,5.0
6026,福邦證,,10.49,112.0,8.59,0.86,,1.28
6101,寬魚國際,,0.44,112.0,119.53,3.79,,0.168
6103,合邦,,0.0,112.0,161.94,5.31,,0.0
6104,創惟,,1.11,112.0,75.12,7.96,,1.8
6109,亞元,,2.45,112.0,,1.18,,0.29999999
6111,大宇資,,0.0,112.0,,2.81,,0.0
6113,亞矽,,5.06,112.0,,1.82,,1.0
6114,久威,,0.0,112.0,,1.18,,0.0
6118,建達,,0.0,112.0,30.99,2.0,,0.0
6121,新普,,5.73,112.0,13.25,1.92,,21.7
6122,擎邦,,7.12,112.0,9.94,2.34,,3.7
6123,上奇,,7.13,112.0,16.75,2.38,,4.0
6124,業強,,0.0,112.0,,1.66,,0.0
6125,廣運,,2.02,112.0,65.63,4.78,,1.7
6126,信音,,3.72,112.0,28.48,1.05,,1.08097786
6127,九豪,,1.4,112.0,,2.72,,0.4
6129,普誠,,1.53,112.0,,1.57,,0.25
6130,上亞科技,,2.12,112.0,,1.59,,0.5
6134,萬旭,,0.0,112.0,,2.72,,0.0
6138,茂達,,3.47,112.0,18.4,3.74,,5.96965123
6140,訊達,,2.93,112.0,30.48,2.12,,0.75
6143,振曜,,3.57,112.0,18.89,3.28,,4.0
6144,得利影,,0.0,112.0,,4.17,,0.0
6146,耕興,,5.05,112.0,16.57,3.93,,10.5
6147,頎邦,,5.79,112.0,12.18,1.01,,3.75
6148,驊宏資,,4.73,112.0,16.15,2.0,,1.2
6150,撼訊,,0.0,112.0,,2.21,,0.0
6151,晉倫,,3.61,112.0,27.3,2.28,,1.5
6154,順發,,4.56,112.0,29.26,1.01,,0.72
6156,松上,,3.07,112.0,17.93,1.17,,0.79869278
6158,禾昌,,3.54,112.0,24.15,1.3,,1.00064551
6160,欣技,,0.0,112.0,,2.22,,0.0
6161,捷波,,4.06,112.0,13.25,2.15,,2.0
6163,華電網,,1.33,112.0,140.94,1.35,,0.3
6167,久正,,3.58,112.0,126.82,1.26,,0.5
6169,昱泉,,0.0,112.0,,1.67,,0.0
6170,統振,,5.63,112.0,24.25,2.62,,2.73
6171,大城地產,,3.66,112.0,8.1,1.98,,1.5
6173,信昌電,,2.87,112.0,16.6,1.02,,1.20560747
6174,安��,,0.56,112.0,42.37,1.89,,0.14
6175,立敦,,2.7,112.0,14.18,1.53,,1.0458208
6179,亞通,,2.76,112.0,,1.49,,0.79056452
6180,橘子,,4.19,112.0,6.06,1.94,,3.28
6182,合晶,,2.49,112.0,870.0,1.0,,0.65
6185,幃翔,,3.56,112.0,162.22,1.0,,0.52
6186,新潤,,5.81,112.0,15.16,3.18,,3.50003678
6187,萬潤,,0.36,112.0,41.19,6.55,,1.47283335
6188,廣明,,3.08,112.0,35.74,3.15,,3.2
6190,萬泰科,,3.35,112.0,16.71,1.88,,1.16267033
6194,育富,,4.91,112.0,12.3,0.93,,1.8
6195,詩肯,,5.73,112.0,25.85,1.36,,2.0
6198,瑞築,,0.0,112.0,,1.69,,0.0
6199,天品,,0.0,112.0,114.42,9.1,,0.0
6203,海韻電,,7.57,112.0,20.0,1.89,,4.99707959
6204,艾華,,27.67,112.0,39.13,4.39,,17.43
6207,雷科,,2.8,112.0,26.75,2.22,,1.5
6208,日揚,,0.0,112.0,13.73,1.6,,0.0
6210,慶生,,0.0,112.0,,1.54,,0.0
6212,理銘,,5.98,112.0,7.63,1.83,,3.5
6217,中探針,,0.77,112.0,,1.41,,0.3
6218,豪勉,,1.81,112.0,,1.95,,0.5
6219,富旺,,0.0,112.0,24.09,2.81,,0.0
6220,岳豐,,2.93,112.0,,1.27,,0.8
6221,晉泰,,4.03,112.0,17.1,2.18,,2.49286305
6222,上揚,,0.0,112.0,,4.18,,0.0
6223,旺矽,,0.86,112.0,44.13,9.44,,7.5
6227,茂綸,,3.06,112.0,15.75,2.46,,2.5
6228,全譜,,0.0,112.0,,2.57,,0.0
6229,研通,,1.59,112.0,38.23,1.7,,0.5
6231,系微,,1.07,112.0,63.44,17.93,,4.5
6233,旺玖,,0.74,112.0,91.61,1.81,,0.20916259
6234,高僑,,2.39,112.0,32.77,0.98,,0.65
6236,中湛,,0.0,112.0,,7.89,,0.0
6237,驊訊,,0.54,112.0,,2.33,,0.25
6240,松崗,,0.0,112.0,22.36,1.12,,0.0
6241,易通展,,0.0,112.0,14.51,2.01,,0.0
6242,立康,,5.9,112.0,16.43,1.63,,2.5
6244,茂迪,,1.55,112.0,48.02,1.81,,0.32
6245,立端,,4.77,112.0,15.63,2.23,,4.25
6246,臺龍,,0.0,112.0,,1.52,,0.0
6248,沛波,,7.39,112.0,5.6,1.23,,2.0
6259,百徽,,6.3,112.0,40.43,1.37,,1.19714368
6261,久元,,6.55,112.0,13.14,1.2,,4.0
6263,普萊德,,4.84,112.0,18.59,6.03,,7.4
6264,富裔,,0.0,112.0,,1.65,,0.0
6265,方土昶,,0.0,112.0,178.33,0.94,,0.0
6266,泰詠,,5.98,112.0,15.62,1.98,,1.96
6270,倍微,,3.89,112.0,107.08,0.45,,1.0
6274,台燿,,2.27,112.0,20.96,3.66,,4.00752
6275,元山,,6.4,112.0,11.68,2.29,,2.97434398
6276,安鈦克,,7.64,112.0,,3.18,,2.26829378
6279,胡連,,2.92,112.0,14.45,2.7,,5.25
6284,佳邦,,2.51,112.0,14.51,1.6,,2.0
6287,元隆,,0.0,112.0,,18.42,,0.0
6290,良維,,4.19,112.0,15.67,1.81,,2.973209
6291,沛亨,,8.38,112.0,13.53,3.06,,8.0
6292,迅德,,8.05,112.0,11.27,1.98,,4.2
6294,智基,,13.16,112.0,14.55,2.59,,8.0
6411,晶焱,,2.78,112.0,24.73,1.84,,2.45758
6417,韋僑,,1.96,112.0,29.65,2.78,,2.0
6418,詠昇,,5.54,112.0,20.89,1.36,,1.1
6419,京晨科,,3.73,112.0,11.97,3.9,,3.8
6425,易發,,0.63,112.0,126.19,4.1,,0.5
6432,今展科,,4.48,112.0,30.83,1.02,,1.24311639
6435,大中,,2.99,112.0,17.59,1.99,,2.8
6441,廣錠,,0.0,112.0,,1.41,,0.0
6457,紘康,,0.0,112.0,,2.68,,0.0
6461,益得,,0.0,112.0,,4.01,,0.0
6462,神盾,,0.0,112.0,,2.33,,0.0
6465,威潤,,0.0,112.0,,2.42,,0.0
6469,大樹,,3.58,112.0,28.46,5.79,,5.29618911
6470,宇智,,5.21,112.0,31.96,1.89,,2.8
6482,弘煜科,,3.04,112.0,23.28,3.29,,1.5
6485,點序,,2.67,112.0,,1.1,,1.2
6486,互動,,7.02,112.0,12.71,2.16,,5.69330092
6488,環球晶,,5.15,112.0,12.77,1.87,,19.0
6492,生華科,,0.0,112.0,,3.44,,0.0
6494,九齊,,3.25,112.0,18.24,1.44,,1.62
6496,科懋,,0.0,112.0,,1.38,,0.0
6499,益安,,0.0,112.0,,2.14,,0.0
6506,雙邦,,2.35,112.0,25.37,1.13,,0.4
6508,惠光,,3.38,112.0,37.0,1.04,,1.0
6509,聚和,,3.26,112.0,15.04,1.52,,1.25
6510,精測,,0.06,112.0,130.03,3.46,,0.5
6512,啟發電,,0.0,112.0,,1.5,,0.0
6516,勤崴國際,,2.98,112.0,55.76,3.56,,1.96
6517,保勝光學,,2.41,112.0,19.38,3.0,,1.5
6523,達爾膚,,6.69,112.0,15.03,4.37,,10.0
6527,明達醫,,2.46,112.0,18.46,2.34,,2.06362866
6530,創威,,1.69,112.0,48.97,5.25,,1.2
6532,瑞耘,,3.48,112.0,20.0,2.49,,2.4
6535,順藥,,0.0,112.0,,28.07,,0.0
6538,倉和,,6.74,112.0,9.74,1.92,,7.0055079
6542,隆中,,1.8,112.0,20.11,2.82,,1.0
6546,正基,,2.46,112.0,45.81,4.71,,3.5
6547,高端疫苗,,0.0,112.0,,2.99,,0.0
6548,長科*,,4.88,112.0,18.94,2.68,,1.607693
6556,勝品,,3.63,112.0,9.85,1.6,,3.0
6560,欣普羅,,0.0,112.0,,1.78,,0.0
6561,是方,,2.23,112.0,36.73,10.42,,10.6
6568,宏觀,,1.5,112.0,50.84,2.56,,1.81728749
6569,醫揚,,4.4,112.0,31.25,3.86,,6.49573621
6570,維田,,5.38,112.0,35.04,2.2,,2.6
6574,霈方,,6.54,112.0,15.51,1.83,,3.5
6576,逸達,,0.0,112.0,,14.74,,0.0
6577,勁豐,,7.61,112.0,14.89,3.61,,6.7
6578,達邦蛋白,,2.67,112.0,173.64,1.25,,0.50926286
6584,南俊國際,,0.59,112.0,71.22,5.57,,1.0001516
6588,東典光電,,0.0,112.0,,1.75,,0.0
6589,台康生技,,0.0,112.0,,2.33,,0.0
6590,普鴻,,6.68,112.0,14.64,2.65,,5.0
6593,台灣銘板,,1.37,112.0,95.06,2.64,,1.0
6596,寬宏藝術,,6.42,112.0,10.94,3.28,,5.3
6603,富強鑫,,0.88,112.0,30.37,1.1,,0.14506677
6609,瀧澤科,,1.1,112.0,27.8,2.37,,0.9
6612,奈米醫材,,1.03,112.0,76.14,3.14,,1.2
6613,朋億*,,5.69,112.0,11.47,3.11,,10.39059572
6615,慧智,,0.5,112.0,40.71,1.33,,0.2
6616,特昇-KY,,0.0,112.0,,0.85,,0.0
6624,萬年清,,2.72,112.0,193.68,1.83,,1.0
6629,泰金-KY,,3.0,112.0,12.79,2.87,,3.5
6637,醫影,,2.84,112.0,16.14,2.65,,2.64705882
6640,均華,,0.69,112.0,65.02,11.6,,5.0
6642,富致,,2.26,112.0,20.95,2.37,,1.5
6643,M31,,1.3,112.0,109.99,16.35,,10.00143526
6649,台生材,,0.0,112.0,,2.29,,0.0
6651,全宇昕,,4.55,112.0,14.43,2.49,,4.0
6654,天正國際,,0.0,112.0,,1.69,,0.0
6661,威健生技,,0.0,112.0,,1.87,,0.0
6662,樂斯科,,4.81,112.0,20.66,1.98,,1.65
6664,群翊,,3.21,112.0,18.43,4.33,,7.82132273
6667,信紘科,,3.53,112.0,22.56,4.86,,6.46
6679,鈺太,,1.65,112.0,43.03,3.54,,5.5
6680,鑫創電子,,2.57,112.0,35.42,3.86,,2.28117271
6683,雍智科技,,1.84,112.0,23.38,4.05,,6.50922419
6684,安格,,0.0,112.0,,1.83,,0.0
6690,安�硌穈T,,2.48,112.0,21.42,3.44,,5.20117566
6692,進能服,,3.83,112.0,,2.2,,1.4
6693,廣閎科,,1.18,112.0,47.21,3.35,,1.0
6697,東捷資訊,,4.78,112.0,17.71,2.17,,2.2
6703,軒郁,,8.17,112.0,13.42,3.87,,12.82149677
6708,天擎,,0.92,112.0,,3.15,,0.4
6712,長聖,,4.05,112.0,54.92,8.82,,7.0
6716,應廣,,2.5,112.0,17.4,3.08,,2.00131495
6720,久昌,,1.1,112.0,27.42,8.44,,1.68
6721,信實,,4.53,112.0,13.05,2.15,,2.6
6727,亞泰金屬,,2.3,112.0,17.05,1.84,,2.0
6728,上洋,,4.02,112.0,12.96,2.01,,4.98333333
6732,昇佳電子,,4.99,112.0,19.25,2.85,,12.5
6733,博晟生醫,,0.0,112.0,,4.65,,0.0
6735,美達科技,,1.38,112.0,24.31,2.54,,0.8
6739,竹陞科技,,0.99,112.0,46.56,6.63,,2.01628923
6741,91APP*-KY,,1.14,112.0,22.33,3.2,,0.95
6747,亨泰光,,4.88,112.0,24.64,2.69,,6.61912439
6751,智聯服務,,3.67,112.0,57.98,1.41,,2.0
6752,叡揚,,3.0,112.0,20.64,3.91,,3.800415
6761,穩得,,4.31,112.0,14.96,2.09,,3.9936163
6762,達亞,,0.74,112.0,344.23,6.54,,2.0
6763,綠界科技*,,2.93,112.0,30.85,3.99,,18.20000006
6767,台微醫,,0.0,112.0,,2.9,,0.0
6785,昱展新藥,,1.09,112.0,22.83,3.71,,1.5
6788,華景電,,2.39,112.0,24.39,4.15,,6.0
6791,虎門科技,,2.49,112.0,31.49,6.31,,3.46940068
6803,崑鼎,,5.11,112.0,17.01,3.2,,14.48619711
6804,明係,,8.81,112.0,32.78,0.78,,2.6
6811,宏�硌穈T,,3.0,112.0,21.59,5.71,,8.5
6821,聯寶,,3.57,112.0,49.72,2.17,,1.55969846
6823,濾能,,0.0,112.0,,2.9,,0.0
6829,千附精密,,2.59,112.0,28.57,3.64,,3.0
6840,東研信超,,1.95,112.0,,1.53,,1.0
6841,長佳智能,,1.42,112.0,,3.7,,1.0
6843,進典,,4.97,112.0,20.87,2.07,,2.5
6844,諾貝兒,,4.18,112.0,44.79,1.67,,6.09682477
6846,綠茵,,4.49,112.0,15.75,2.61,,3.49594809
6855,數泓科,,2.88,112.0,21.09,4.47,,4.5
6856,鑫傳,,6.05,112.0,14.74,2.33,,3.81508603
6859,伯特光,,1.09,112.0,286.72,4.02,,2.0
6865,偉康科技,,2.66,112.0,44.59,2.39,,1.6
6870,騰雲,,1.6,112.0,65.93,5.81,,3.8
6874,倍力,,4.05,112.0,21.92,4.33,,3.8
6875,國邑*,,0.0,112.0,,3.61,,0.0
6877,鏵友益,,1.13,112.0,740.0,5.66,,1.00590179
6881,潤德,,3.9,112.0,17.45,4.16,,9.0
6894,衛司特,,3.59,112.0,21.14,3.01,,6.5
6895,宏碩系統,,1.22,112.0,83.41,6.31,,2.2
6899,創為精密,,6.19,112.0,16.8,1.2,,3.18317269
6903,巨漢,,7.86,112.0,11.51,2.54,,9.27050212
6904,伯鑫,,2.95,112.0,14.63,2.49,,4.1
6913,鴻呈,,1.61,112.0,43.97,3.66,,2.0
6922,宸曜,,2.12,112.0,27.27,4.7,,3.57
6929,佑全,,0.72,112.0,,1.47,,0.271
6953,家碩,,2.08,112.0,34.84,4.31,,4.5
6967,汎瑋材料,,6.36,112.0,18.64,1.67,,3.5
6968,萬達寵物,,1.66,112.0,29.9,2.84,,1.0
6982,大井泵浦,,2.34,112.0,23.55,3.56,,1.6
6996,力領科技,,4.33,112.0,15.18,5.15,,10.31711283
6997,博弘,,3.18,112.0,21.11,7.02,,4.06
7402,邑錡,,2.14,112.0,58.4,3.63,,1.48519767
7556,意德士,,2.34,112.0,24.38,3.14,,3.0
7584,樂意,,5.22,112.0,19.54,2.22,,4.0
7703,銳澤,,4.81,112.0,21.85,3.11,,7.0
7704,明遠精密,,3.47,112.0,26.87,2.69,,2.8
7708,全家餐飲,,2.73,112.0,15.83,2.88,,2.5
8024,佑華,,0.0,112.0,,1.47,,0.0
8027,鈦昇,,0.57,112.0,,3.38,,0.50085125
8032,光菱,,1.21,112.0,46.88,1.47,,0.8
8034,榮群,,6.05,112.0,15.27,1.75,,1.2
8038,長園科,,0.0,112.0,,3.99,,0.0
8040,九暘,,0.0,112.0,,2.87,,0.0
8042,金山電,,2.91,112.0,51.63,1.33,,1.2
8043,蜜望實,,0.62,112.0,29.28,0.96,,0.2
8044,網家,,0.0,112.0,,1.13,,0.0
8047,星雲,,0.0,112.0,,1.95,,0.0
8048,德勝,,6.56,112.0,19.96,2.61,,3.3
8049,晶采,,8.32,112.0,12.2,1.87,,2.7
8050,廣積,,5.83,112.0,33.82,1.9,,4.17967028
8054,安國,,0.37,112.0,,5.29,,0.49970721
8059,凱碩,,0.0,112.0,,4.26,,0.0
8064,東捷,,1.39,112.0,60.12,2.73,,0.7
8066,來思達,,3.6,112.0,1387.5,1.51,,1.0
8067,志旭,,0.0,112.0,,2.29,,0.0
8068,全達,,0.0,112.0,17.23,2.16,,0.0
8069,元太,,1.68,112.0,46.43,5.62,,4.48964444
8071,能率網通,,0.0,112.0,,1.76,,0.0
8074,鉅橡,,4.72,112.0,22.8,1.13,,1.0
8076,伍豐,,2.57,112.0,17.8,1.77,,0.8
8077,洛��,,0.0,112.0,11.44,2.99,,0.0
8080,印鉐,,0.0,112.0,,4.76,,0.0
8083,瑞穎,,4.27,112.0,16.68,4.94,,7.0
8084,巨虹,,0.0,112.0,28.67,8.59,,0.0
8085,福華,,0.0,112.0,,2.54,,0.0
8086,宏捷科,,1.01,112.0,29.67,2.5,,1.0
8087,麗升能源,,1.04,112.0,163.45,2.29,,0.49256808
8088,品安,,13.0,112.0,,1.27,,2.6
8089,康全電訊,,0.0,112.0,14.83,3.44,,0.0
8091,翔名,,4.76,112.0,19.84,1.79,,6.0
8092,建暐,,0.0,112.0,,2.06,,0.0
8093,保銳,,0.0,112.0,,3.54,,0.0
8096,擎亞,,0.0,112.0,13.49,2.24,,0.0
8097,常珵,,0.0,112.0,,4.09,,0.0
8099,大世科,,2.28,112.0,34.08,5.0,,1.85
8107,大億金茂,,0.0,112.0,152.31,0.97,,0.0
8109,博大,,6.88,112.0,14.0,2.43,,6.0
8111,立��,,1.51,112.0,135.9,4.27,,0.8
8121,越峰,,0.0,112.0,31.71,2.68,,0.0
8147,正淩,,2.27,112.0,52.3,3.32,,2.32703067
8155,博智,,3.06,112.0,25.43,2.82,,3.6
8171,天宇,,0.0,112.0,,1.74,,0.0
8176,智捷,,0.0,112.0,150.0,2.03,,0.0
8182,加高,,3.67,112.0,15.14,0.93,,1.2
8183,精星,,4.59,112.0,12.25,1.39,,1.8
8227,巨有科技,,1.21,112.0,112.43,6.88,,2.3
8234,新漢,,2.16,112.0,,2.55,,1.2
8240,華宏,,3.51,112.0,13.34,0.91,,1.5
8255,朋程,,3.28,112.0,21.24,1.9,,5.0
8272,全景軟體,,2.54,112.0,23.44,4.96,,2.87
8277,商丞,,0.0,112.0,,2.5,,0.0
8279,生展,,4.03,112.0,14.07,1.54,,5.0
8284,三竹,,5.22,112.0,13.65,2.47,,3.5
8289,泰藝,,4.05,112.0,1235.0,1.08,,1.0
8291,尚茂,,0.0,112.0,,3.28,,0.0
8299,群聯,,2.82,112.0,12.43,2.01,,13.08414888
8342,益張,,4.32,112.0,14.0,3.06,,3.8
8349,�矬�,,4.05,112.0,13.64,1.76,,2.48456863
8354,冠好,,2.05,112.0,16.46,0.55,,0.3
8358,金居,,2.57,112.0,16.28,2.33,,1.5
8383,千附,,3.45,112.0,15.43,1.39,,1.5
8390,金益鼎,,3.55,112.0,14.43,1.89,,2.2
8401,白紗科,,6.14,112.0,11.54,1.81,,1.8
8403,盛弘,,2.81,112.0,22.8,1.02,,0.80000001
8409,商之器,,0.0,112.0,,2.98,,0.0
8410,森田,,3.13,112.0,16.37,1.66,,2.5
8415,大國鋼,,4.39,112.0,14.93,1.41,,1.5
8416,實威,,5.06,112.0,14.99,3.2,,8.0
8421,旭源,,0.0,112.0,,1.03,,0.0
8423,保綠-KY,,4.41,112.0,39.23,1.36,,0.9
8424,惠普,,5.85,112.0,15.37,2.3,,4.0
8426,紅木-KY,,5.6,112.0,9.11,1.9,,2.5
8431,匯鑽科,,0.48,112.0,151.46,2.85,,0.3
8432,東生華,,2.1,112.0,19.55,1.67,,1.28
8433,弘帆,,6.9,112.0,10.14,1.93,,5.94098715
8435,鉅邁,,5.49,112.0,15.04,2.94,,4.0
8436,大江,,5.6,112.0,19.32,1.76,,7.0
8437,大地-KY,,4.2,112.0,,0.46,,1.0
8440,綠電,,4.51,112.0,59.6,2.57,,1.667
8444,綠河-KY,,0.0,112.0,,2.15,,0.0
8446,華研,,4.96,112.0,10.7,3.18,,6.0
8450,霹靂,,0.0,112.0,,1.6,,0.0
8455,大拓-KY,,0.0,112.0,,1.46,,0.0
8472,夠麻吉,,0.0,112.0,,1.51,,0.0
8477,創業家,,0.0,112.0,,3.43,,0.0
8489,三貝德,,0.0,112.0,,3.04,,0.0
8905,裕國,,5.79,112.0,19.94,1.31,,1.8
8906,花王,,0.0,112.0,,3.21,,0.0
8908,欣雄,,3.72,112.0,24.57,3.26,,1.6
8916,光隆,,6.22,112.0,15.87,1.52,,3.58361594
8917,欣泰,,3.42,112.0,27.25,3.94,,2.2
8921,沈氏,,1.24,112.0,,1.27,,0.333
8923,時報,,4.1,112.0,20.97,1.34,,0.8
8924,大田,,5.64,112.0,13.75,1.59,,4.3
8927,北基,,3.96,112.0,35.31,3.23,,1.99749427
8928,鉅明,,2.12,112.0,36.26,1.59,,0.7
8929,富堡,,0.0,112.0,18.63,1.45,,0.0
8930,青鋼,,7.18,112.0,12.38,1.93,,2.5
8931,大汽電,,4.38,112.0,22.49,2.85,,2.1
8932,智通*,,0.07,112.0,76.29,11.21,,0.13775
8933,愛地雅,,0.0,112.0,,1.09,,0.0
8935,邦泰,,0.0,112.0,,2.33,,0.0
8936,國統,,3.01,112.0,15.86,2.09,,1.5
8937,合騏,,0.0,112.0,407.81,9.92,,0.0
8938,明安,,2.22,112.0,14.2,1.48,,1.6
8941,關中,,8.21,112.0,13.14,2.54,,5.5
8942,森鉅,,9.31,112.0,12.61,1.1,,5.0
9949,琉園,,0.0,112.0,,3.03,,0.0
9950,萬國通,,0.0,112.0,23.08,1.9,,0.0
9951,皇田,,6.32,112.0,12.14,1.12,,3.4
9960,邁達康,,6.61,112.0,12.42,1.35,,1.7
9962,有益,,7.26,112.0,21.64,1.24,,1.1
