財務年度季度,公司代號,公司名稱,本益比,每股股利,殖利率,股價淨值比
2026Q1,1101,台泥,,,3.29,0.77
2026Q1,1102,亞泥,11.07,,6.97,0.66
2026Q1,1103,嘉泥,16.38,,3.97,0.48
2026Q1,1104,環泥,10.47,,6.90,0.74
2026Q1,1108,幸福,5.92,,8.37,0.89
2026Q1,1109,信大,17.47,,6.52,0.56
2026Q1,1110,東泥,50.47,,1.86,0.97
2026Q1,1201,味全,32.11,,1.72,0.79
2026Q1,1203,味王,28.46,,2.04,1.79
2026Q1,1210,大成,13.27,,5.36,1.86
2026Q1,1213,大飲,,,,0.65
2026Q1,1215,卜蜂,11.21,,6.73,2.89
2026Q1,1216,統一,19.95,,4.07,2.90
2026Q1,1217,愛之味,20.73,,2.51,0.66
2026Q1,1218,泰山,10.36,,8.28,0.62
2026Q1,1219,福壽,24.26,,4.39,0.84
2026Q1,1220,台榮,560.00,,1.79,0.86
2026Q1,1225,福懋油,15.09,,3.88,1.56
2026Q1,1227,佳格,20.03,,4.58,1.39
2026Q1,1229,聯華,15.52,,4.96,1.30
2026Q1,1231,聯華食,18.52,,3.07,3.22
2026Q2,1232,大統益,17.11,,4.66,4.48
2026Q1,1233,天仁,35.24,,0.69,1.88
2026Q1,1234,黑松,20.21,,4.89,0.74
2026Q1,1235,興泰,,,2.70,0.59
2026Q1,1236,宏亞,,,6.72,0.87
2026Q1,1256,鮮活果汁-KY,13.82,,3.61,1.57
2026Q1,1301,台塑,,,0.91,0.90
2026Q1,1303,南亞,69.05,,0.50,3.30
2026Q1,1304,台聚,,,1.33,0.69
2026Q1,1305,華夏,,,0.90,0.84
2026Q1,1307,三芳,11.59,,6.93,1.29
2026Q1,1308,亞聚,,,1.59,0.68
2026Q1,1309,台達化,,,1.20,0.86
2026Q1,1310,台苯,,,,0.53
2026Q1,1312,國喬,,,,0.45
2026Q1,1313,聯成,,,0.97,0.48
2026Q1,1314,中石化,,,,0.38
2026Q1,1315,達新,41.69,,7.01,0.60
2026Q1,1316,上曜,,,,0.80
2026Q1,1319,東陽,12.78,,7.02,1.44
2026Q1,1321,大洋,,,,1.24
2026Q1,1323,永裕,35.54,,4.52,0.70
2026Q1,1324,地球,,,,0.84
2026Q1,1325,恆大,,,,0.86
2026Q1,1326,台化,382.67,,1.05,0.90
2026Q1,1337,再生-KY,,,,0.34
2026Q1,1338,廣華-KY,,,2.00,0.21
2026Q1,1339,昭輝,10.44,,5.66,0.80
2026Q1,1340,勝悅-KY,,,,0.29
2026Q1,1341,富林-KY,14.46,,6.78,2.63
2026Q1,1342,八貫,16.29,,6.19,3.61
2026Q1,1402,遠東新,16.86,,4.60,0.62
2026Q1,1409,新纖,15.37,,4.34,0.80
2026Q1,1410,南染,48.89,,0.76,1.57
2026Q1,1413,宏洲,22.74,,,1.13
2026Q1,1414,東和,65.52,,1.05,1.31
2026Q1,1416,廣豐,12.50,,5.30,0.44
2026Q1,1417,嘉裕,18.27,,3.04,0.67
2026Q1,1418,東華,,,,0.83
2026Q1,1419,新紡,5.14,,2.66,0.99
2026Q1,1423,利華,9.51,,10.04,0.97
2026Q1,1432,大魯閣,2.77,,13.25,1.02
2026Q1,1434,福懋,28.75,,2.90,0.64
2026Q1,1435,中福,,,,3.16
2026Q1,1436,華友聯,8.44,,13.91,1.29
2026Q1,1437,勤益控,11.44,,3.03,0.77
2026Q1,1438,三地開發,8.44,,0.86,0.81
2026Q1,1439,雋揚,9.03,,1.80,0.86
2026Q1,1440,南紡,,,2.47,0.73
2026Q1,1441,大東,,,,1.50
2026Q1,1442,名軒,14.59,,8.39,1.29
2026Q1,1443,立益物流,23.86,,,1.56
2026Q1,1444,力麗,,,,0.72
2026Q1,1445,大宇,,,4.59,0.69
2026Q1,1446,宏和,8.06,,10.95,0.66
2026Q1,1447,力鵬,,,,0.75
2026Q1,1449,佳和,,,,0.67
2026Q1,1451,年興,19.66,,5.71,0.47
2026Q1,1452,宏益,,,1.75,0.57
2026Q1,1453,大將,101.36,,2.69,0.88
2026Q1,1454,台富,,,0.77,1.19
2026Q1,1455,集盛,,,1.87,0.79
2026Q1,1456,怡華,4.06,,,0.69
2026Q1,1457,宜進,15.71,,6.99,0.65
2026Q1,1460,宏遠,,,,0.79
2026Q1,1463,強盛新,,,0.73,1.17
2026Q1,1464,得力,27.97,,2.42,0.80
2026Q1,1465,偉全,,,2.36,0.84
2026Q1,1466,聚隆,,,1.30,1.09
2026Q1,1467,南緯,,,,0.76
2026Q1,1468,昶和,117.08,,,1.55
2026Q1,1470,大統新創,27.13,,2.75,2.06
2026Q1,1471,首利,,,,0.99
2026Q1,1472,三洋實業,13.93,,6.70,1.98
2026Q1,1473,台南,,,2.51,0.74
2026Q1,1474,弘裕,42.50,,2.45,0.60
2026Q1,1475,業旺,10.67,,5.51,1.18
2026Q1,1476,儒鴻,16.74,,4.34,3.45
2026Q1,1477,聚陽,15.85,,6.83,4.17
2026Q1,1503,士電,29.06,,2.56,2.68
2026Q1,1504,東元,28.80,,3.09,1.81
2026Q1,1506,正道,149.29,,,1.12
2026Q1,1512,瑞利,24.81,,,0.98
2026Q1,1513,中興電,18.65,,3.91,3.52
2026Q1,1514,亞力,28.45,,2.25,4.04
2026Q1,1515,力山,29.39,,2.08,1.35
2026Q1,1516,川飛,765.00,,,2.99
2026Q1,1517,利奇,,,1.75,0.74
2026Q1,1519,華城,48.45,,1.70,27.03
2026Q1,1521,大億,35.35,,2.99,1.04
2026Q1,1522,堤維西,90.65,,4.27,0.95
2026Q1,1524,耿鼎,17.57,,5.31,1.51
2026Q1,1525,江申,42.75,,4.09,0.99
2026Q1,1526,日馳,,,,0.81
2026Q1,1527,鑽全,37.09,,4.44,0.96
2026Q1,1528,恩德,,,,1.54
2026Q1,1529,樂事綠能,15.13,,5.80,1.46
2026Q1,1530,亞崴,24.13,,3.60,0.81
2026Q1,1531,高林股,,,7.75,0.64
2026Q1,1532,勤美,18.25,,3.75,0.59
2026Q1,1533,車王電,19.97,,,1.33
2026Q1,1535,中宇,11.77,,6.55,1.43
2026Q1,1536,和大,,,,1.73
2026Q1,1537,廣隆,16.64,,5.69,2.25
2026Q1,1538,正峰,,,,2.62
2026Q1,1539,巨庭,400.00,,,0.65
2026Q1,1540,喬福,20.86,,5.15,1.10
2026Q1,1541,錩泰,9.45,,,0.78
2026Q1,1558,伸興,16.33,,5.45,1.12
2026Q1,1560,中砂,63.12,,0.77,11.57
2026Q1,1563,巧新,123.64,,3.68,1.44
2026Q1,1568,倉佑,19.85,,3.76,1.49
2026Q1,1582,信錦,24.00,,4.55,1.27
2026Q1,1583,程泰,17.80,,2.01,0.95
2026Q1,1587,吉茂,58.17,,,1.19
2026Q1,1590,亞德客-KY,29.01,,2.20,5.21
2026Q1,1597,直得,95.80,,0.61,4.15
2026Q1,1598,岱宇,,,2.49,0.79
2026Q1,1603,華電,10.78,,6.90,0.61
2026Q1,1604,聲寶,14.15,,6.42,1.00
2026Q1,1605,華新,22.96,,1.59,0.85
2026Q1,1608,華榮,5.33,,6.81,1.28
2026Q1,1609,大亞,14.16,,2.07,1.52
2026Q1,1611,中電,292.50,,6.84,0.96
2026Q1,1612,宏泰,10.13,,8.22,1.18
2026Q1,1614,三洋電,23.75,,3.09,1.46
2026Q1,1615,大山,8.86,,6.19,1.69
2026Q1,1616,億泰,15.08,,7.33,1.55
2026Q1,1617,榮星,18.41,,3.70,1.20
2026Q1,1618,合機,8.37,,4.46,1.14
2026Q1,1623,大東電,17.25,,3.75,3.52
2026Q1,1626,艾美特-KY,,,,0.54
2026Q1,1702,南僑,46.88,,4.74,0.70
2026Q1,1707,葡萄王,11.16,,6.72,1.32
2026Q1,1708,東鹼,14.32,,3.32,1.62
2026Q1,1709,和益,16.62,,4.33,1.26
2026Q1,1710,東聯,,,,1.03
2026Q1,1711,永光,,,,2.11
2026Q1,1712,興農,15.73,,6.41,2.09
2026Q1,1713,國化,10.29,,6.72,1.72
2026Q1,1714,和桐,20.39,,1.38,1.00
2026Q1,1717,長興,40.47,,1.67,2.44
2026Q1,1718,中纖,36.38,,,0.52
2026Q1,1720,生達,10.50,,5.29,1.68
2026Q1,1721,三晃,,,,2.21
2026Q1,1722,台肥,44.04,,4.37,0.82
2026Q2,1723,中碳,26.14,,2.28,2.36
2026Q1,1725,元禎,18.46,,3.58,0.81
2026Q1,1726,永記,13.17,,4.74,1.16
2026Q1,1727,中華化,183.24,,0.22,4.11
2026Q1,1730,花仙子,11.06,,5.86,1.50
2026Q1,1731,美吾華,14.68,,5.94,1.23
2026Q1,1732,毛寶,29.22,,2.28,2.26
2026Q1,1733,五鼎,17.20,,4.15,1.72
2026Q1,1734,杏輝,18.43,,5.05,1.70
2026Q1,1735,日勝化,23.64,,3.39,1.20
2026Q1,1736,喬山,14.95,,3.66,2.65
2026Q1,1737,臺鹽,16.11,,4.37,0.93
2026Q1,1752,南光,15.62,,5.05,1.36
2026Q1,1760,寶齡富錦,23.53,,3.41,2.74
2026Q1,1762,中化生,,,,0.79
2026Q2,1773,勝一,18.77,,2.66,3.95
2026Q1,1776,展宇,34.49,,3.55,1.18
2026Q1,1783,和康生,13.20,,5.02,2.20
2026Q1,1786,科妍,29.06,,3.87,1.99
2026Q1,1789,神隆,138.57,,1.49,1.49
2026Q1,1795,美時,11.94,,1.54,1.91
2026Q1,1802,台玻,351.54,,,2.68
2026Q1,1805,寶徠,76.38,,,0.81
2026Q1,1806,冠軍,57.36,,1.87,0.60
2026Q1,1808,潤隆,12.31,,4.55,2.15
2026Q1,1809,中釉,169.47,,0.78,1.82
2026Q1,1810,和成,6.46,,0.82,0.92
2026Q1,1817,凱撒衛,9.22,,5.69,1.19
2026Q1,1903,士紙,36.51,,,2.25
2026Q1,1904,正隆,17.17,,2.15,0.78
2026Q1,1905,華紙,,,,0.86
2026Q1,1906,寶隆,,,,0.54
2026Q1,1907,永豐餘,20.75,,3.44,0.62
2026Q1,1909,榮成,,,,0.62
2026Q1,2002,中鋼,,,0.79,0.98
2026Q2,2006,東和鋼鐵,9.91,,5.76,1.59
2026Q1,2007,燁興,,,,0.94
2026Q1,2008,高興昌,41.27,,3.23,1.57
2026Q1,2009,第一銅,61.58,,1.14,1.52
2026Q1,2010,春源,9.08,,9.46,1.13
2026Q1,2012,春雨,,,1.89,1.16
2026Q1,2013,中鋼構,12.66,,5.87,1.41
2026Q1,2014,中鴻,,,,1.99
2026Q2,2015,豐興,15.23,,5.06,1.72
2026Q1,2017,官田鋼,,,,0.72
2026Q1,2020,美亞,10.88,,8.53,1.38
2026Q1,2022,聚亨,,,,0.76
2026Q1,2023,燁輝,,,,0.80
2026Q1,2024,志聯,195.71,,,1.18
2026Q1,2025,千興,75.94,,,1.27
2026Q1,2027,大成鋼,12.63,,3.47,1.28
2026Q1,2028,威致,44.14,,1.29,1.05
2026Q1,2029,盛餘,33.39,,2.90,0.66
2026Q1,2030,彰源,25.53,,2.97,0.93
2026Q1,2031,新光鋼,8.29,,6.60,1.15
2026Q1,2032,新鋼,18.08,,3.22,1.16
2026Q1,2033,佳大,46.36,,,1.16
2026Q1,2034,允強,,,5.43,1.01
2026Q1,2038,海光,,,,0.62
2026Q1,2049,上銀,66.34,,0.66,2.87
2026Q1,2059,川湖,69.19,,0.65,23.73
2026Q1,2062,橋椿,89.76,,5.31,0.50
2026Q1,2069,運錩,9.86,,5.51,0.69
2026Q1,2072,世紀風電,11.78,,4.60,1.27
2026Q1,2101,南港,10.73,,2.11,1.78
2026Q1,2102,泰豐,2.99,,,0.92
2026Q1,2103,台橡,31.72,,1.27,0.86
2026Q1,2104,國際中橡,,,,0.40
2026Q1,2105,正新,18.80,,5.91,1.16
2026Q1,2106,建大,106.76,,3.58,0.88
2026Q1,2107,厚生,17.81,,5.46,0.58
2026Q1,2108,南帝,31.61,,3.64,0.95
2026Q1,2109,華豐,12.04,,6.92,1.16
2026Q1,2114,鑫永銓,15.25,,5.70,2.08
2026Q1,2115,六暉-KY,17.13,,6.90,0.68
2026Q1,2201,裕隆,32.94,,2.00,0.46
2026Q1,2204,中華,9.80,,6.78,0.80
2026Q1,2206,三陽工業,11.43,,4.72,1.83
2026Q1,2207,和泰車,16.34,,3.58,3.92
2026Q1,2208,台船,,,,3.30
2026Q1,2211,長榮鋼,10.64,,7.47,1.33
2026Q1,2227,裕日車,53.98,,1.67,0.82
2026Q1,2228,劍麟,18.29,,5.76,1.20
2026Q1,2231,為升,,,0.52,3.78
2026Q1,2233,宇隆,30.38,,2.10,2.87
2026Q1,2236,百達-KY,,,0.50,3.47
2026Q1,2239,英利-KY,,,,0.20
2026Q1,2241,艾姆勒,,,,2.44
2026Q1,2243,宏旭-KY,16.69,,,3.24
2026Q1,2247,汎德永業,14.48,,6.30,1.50
2026Q1,2248,華勝-KY,10.03,,5.24,1.58
2026Q1,2250,IKKA-KY,16.74,,5.32,0.96
2026Q1,2254,巨鎧精密-創,,,,3.78
2026Q1,2258,鴻華先進-創,,,,4.48
2026Q1,2301,光寶科,30.74,,2.39,5.38
2026Q1,2302,麗正,46.52,,0.95,3.42
2026Q2,2303,聯電,18.20,,2.16,3.42
2026Q1,2305,全友,111.48,,,2.59
2026Q2,2308,台達電,52.20,,0.71,14.50
2026Q1,2312,金寶,28.85,,2.00,2.01
2026Q1,2313,華通,29.81,,1.66,4.30
2026Q1,2314,台揚,,,,21.60
2026Q1,2316,楠梓電,9.20,,1.41,1.88
2026Q1,2317,鴻海,17.79,,2.86,1.97
2026Q1,2321,東訊,,,,2.48
2026Q1,2323,中環,4.56,,2.01,0.58
2026Q1,2324,仁寶,27.07,,3.06,1.20
2026Q1,2327,國巨*,39.53,,1.20,6.19
2026Q1,2328,廣宇,41.99,,2.19,1.42
2026Q2,2329,華泰,18.10,,2.47,1.63
2026Q1,2330,台積電,32.60,,0.91,10.67
2026Q1,2331,精英,36.80,,,0.94
2026Q1,2332,友訊,,,,1.54
2026Q2,2337,旺宏,23.82,,,3.21
2026Q1,2338,光罩,,,,1.99
2026Q1,2340,台亞,,,,1.90
2026Q1,2342,茂矽,,,,2.19
2026Q1,2344,華邦電,38.58,,0.38,5.02
2026Q1,2345,智邦,40.19,,0.71,18.18
2026Q1,2347,聯強,16.30,,4.48,1.99
2026Q1,2348,海悅,18.53,,7.15,1.67
2026Q1,2349,錸德,,,,1.35
2026Q1,2351,順德,64.38,,0.71,3.66
2026Q1,2352,佳世達,44.11,,3.66,1.48
2026Q1,2353,宏碁,21.86,,4.51,1.19
2026Q1,2354,鴻準,26.78,,2.65,0.75
2026Q1,2355,敬鵬,21.69,,2.73,0.82
2026Q1,2356,英業達,23.50,,3.24,3.02
2026Q1,2357,華碩,14.47,,5.19,2.10
2026Q1,2359,所羅門,62.37,,0.83,3.61
2026Q1,2360,致茂,66.23,,0.93,32.08
2026Q1,2362,藍天,18.73,,4.77,0.55
2026Q1,2363,矽統,28.94,,1.22,1.24
2026Q1,2364,倫飛,17.98,,4.27,4.71
2026Q1,2365,昆盈,71.92,,1.07,2.00
2026Q1,2367,燿華,,,0.55,2.02
2026Q1,2368,金像電,35.80,,1.24,11.63
2026Q1,2369,菱生,,,,2.27
2026Q1,2371,大同,,,,1.08
2026Q1,2373,震旦行,13.85,,6.85,1.72
2026Q1,2374,佳能,22.99,,3.13,2.41
2026Q1,2375,凱美,35.41,,1.03,1.26
2026Q1,2376,技嘉,15.72,,3.57,3.49
2026Q1,2377,微星,14.84,,2.96,2.18
2026Q1,2379,瑞昱,24.59,,3.66,7.79
2026Q1,2380,虹光,18.14,,,2.00
2026Q1,2382,廣達,14.66,,5.35,5.42
2026Q2,2383,台光電,74.20,,0.53,29.15
2026Q1,2385,群光,11.96,,6.79,1.87
2026Q1,2387,精元,13.23,,10.61,0.71
2026Q1,2388,威盛,391.67,,0.07,1.79
2026Q1,2390,云辰,,,,0.82
2026Q1,2392,正崴,,,2.98,0.70
2026Q1,2393,億光,14.92,,7.20,1.35
2026Q1,2395,研華,43.68,,1.98,9.85
2026Q1,2397,友通,23.15,,4.56,1.90
2026Q1,2399,映泰,21.22,,,2.39
2026Q1,2401,凌陽,,,,1.78
2026Q1,2402,毅嘉,26.56,,3.86,2.24
2026Q1,2404,漢唐,20.45,,3.64,14.44
2026Q1,2405,輔信,,,0.63,1.57
2026Q1,2406,國碩,,,,2.99
2026Q1,2408,南亞科,32.27,,0.37,5.79
2026Q1,2409,友達,75.63,,1.65,1.22
2026Q1,2412,中華電,27.73,,3.73,2.73
2026Q1,2413,環科,48.57,,1.34,2.30
2026Q1,2414,精技,16.43,,5.17,2.74
2026Q1,2415,錩新,15.96,,5.19,1.56
2026Q1,2417,圓剛,151.15,,0.64,1.82
2026Q2,2419,仲琦,588.75,,,1.57
2026Q1,2420,新巨,13.65,,5.58,1.98
2026Q1,2421,建準,16.00,,4.00,3.31
2026Q1,2423,固緯,20.34,,3.45,3.74
2026Q1,2424,隴華,,,,1.77
2026Q1,2425,承啟,,,0.21,1.81
2026Q1,2426,鼎元,,,0.20,4.02
2026Q1,2427,三商電,17.50,,3.13,1.29
2026Q1,2428,興勤,19.86,,2.70,2.38
2026Q1,2429,銘旺科,,,,3.58
2026Q1,2430,燦坤,35.31,,4.72,0.46
2026Q1,2431,聯昌,,,,1.04
2026Q1,2432,倚天酷碁-創,14.87,,5.95,1.60
2026Q1,2433,互盛電,13.77,,6.43,1.98
2026Q1,2434,統懋,,,,4.21
2026Q1,2436,偉詮電,16.29,,3.57,2.49
2026Q1,2438,翔耀,,,,2.91
2026Q2,2439,美律,14.64,,4.99,1.19
2026Q1,2440,太空梭,,,,1.06
2026Q2,2441,超豐,18.61,,2.99,2.08
2026Q1,2442,新美齊,3.70,,13.92,0.83
2026Q1,2444,兆勁,,,,1.49
2026Q1,2449,京元電子,30.33,,0.67,5.02
2026Q2,2450,神腦,17.75,,5.39,1.19
2026Q2,2451,創見,5.10,,4.02,3.29
2026Q1,2453,凌群,16.94,,5.26,2.61
2026Q2,2454,聯發科,58.71,,1.50,13.38
2026Q2,2455,全新,71.57,,0.90,14.78
2026Q1,2457,飛宏,,,,1.00
2026Q1,2458,義隆,16.63,,4.68,4.47
2026Q1,2459,敦吉,12.33,,6.51,1.22
2026Q1,2460,建通,,,,3.23
2026Q1,2461,光群雷,,,,0.89
2026Q1,2462,良得電,282.86,,1.01,0.89
2026Q1,2464,盟立,,,0.37,5.52
2026Q1,2465,麗臺,55.61,,,5.73
2026Q1,2466,冠西電,123.11,,,7.76
2026Q1,2467,志聖,63.63,,1.15,8.97
2026Q1,2468,華經,25.39,,3.08,1.75
2026Q1,2471,資通,12.56,,6.88,2.35
2026Q1,2472,立隆電,25.43,,1.59,3.77
2026Q1,2474,可成,17.53,,5.61,0.72
2026Q1,2476,鉅祥,25.97,,2.62,2.67
2026Q1,2477,美隆電,13.33,,6.48,0.84
2026Q1,2478,大毅,29.25,,1.84,2.13
2026Q2,2480,敦陽科,18.95,,4.70,5.39
2026Q1,2481,強茂,37.30,,1.53,3.10
2026Q1,2482,連宇,,,0.62,1.18
2026Q1,2483,百容,38.32,,0.85,1.47
2026Q1,2484,希華,82.57,,1.15,2.38
2026Q1,2485,兆赫,893.75,,,2.15
2026Q1,2486,一詮,368.63,,0.27,8.34
2026Q1,2488,漢平,10.91,,5.93,1.39
2026Q1,2489,瑞軒,24.50,,4.49,1.26
2026Q1,2491,吉祥全,6.67,,,1.88
2026Q1,2492,華新科,41.76,,1.15,1.98
2026Q1,2493,揚博,43.03,,2.20,7.95
2026Q1,2495,普安,30.58,,2.32,2.02
2026Q1,2496,卓越,9.23,,8.46,1.31
2026Q1,2497,怡利電,20.24,,4.37,1.93
2026Q1,2498,宏達電,19.30,,1.25,1.23
2026Q1,2501,國建,5.68,,5.45,0.81
2026Q1,2504,國產,9.48,,8.33,1.31
2026Q1,2505,國揚,9.02,,5.57,0.64
2026Q1,2506,太設,,,2.29,0.40
2026Q1,2509,全坤建,,,,0.75
2026Q1,2511,太子,24.57,,3.49,0.54
2026Q1,2514,龍邦,7.27,,,0.36
2026Q1,2515,中工,24.69,,4.22,0.83
2026Q1,2516,新建,11.91,,,1.50
2026Q1,2520,冠德,14.38,,4.68,0.85
2026Q1,2524,京城,62.81,,,0.62
2026Q1,2527,宏璟,8.79,,3.37,0.54
2026Q1,2528,皇普,8.12,,15.46,1.18
2026Q1,2530,華建,10.15,,9.30,1.67
2026Q1,2534,宏盛,16.60,,8.77,0.54
2026Q1,2535,達欣工,10.58,,5.22,2.32
2026Q1,2536,宏普,5.50,,10.99,0.48
2026Q1,2537,聯上發,34.69,,,0.73
2026Q1,2538,基泰,26.39,,5.26,0.74
2026Q1,2539,櫻花建,15.07,,6.57,2.72
2026Q1,2540,愛山林,101.67,,9.84,3.51
2026Q1,2542,興富發,13.54,,9.09,1.68
2026Q1,2543,皇昌,14.92,,4.14,1.95
2026Q1,2545,皇翔,22.16,,8.54,0.83
2026Q1,2546,根基,10.67,,5.91,2.14
2026Q1,2547,日勝生,75.00,,7.62,0.76
2026Q1,2548,華固,7.60,,8.73,1.51
2026Q1,2597,潤弘,14.39,,5.91,5.46
2026Q1,2601,益航,,,,0.68
2026Q1,2603,長榮,8.92,,7.84,0.76
2026Q1,2605,新興,14.52,,3.29,1.01
2026Q1,2606,裕民,12.02,,4.47,1.30
2026Q1,2607,榮運,9.97,,5.73,0.80
2026Q1,2608,嘉里大榮,14.48,,5.67,1.07
2026Q1,2609,陽明,16.49,,3.94,0.54
2026Q1,2610,華航,8.75,,3.62,1.33
2026Q1,2611,志信,10.19,,3.90,0.95
2026Q1,2612,中航,9.31,,4.31,0.74
2026Q1,2613,中櫃,18.39,,4.99,0.87
2026Q1,2614,東森,8.90,,6.61,1.38
2026Q1,2615,萬海,7.82,,3.54,0.83
2026Q1,2616,山隆,,,2.25,0.71
2026Q1,2617,台航,8.60,,5.27,0.65
2026Q1,2618,長榮航,8.22,,4.62,1.73
2026Q1,2630,亞航,51.38,,1.86,2.99
2026Q1,2633,台灣高鐵,21.53,,4.41,1.96
2026Q1,2634,漢翔,77.38,,1.26,3.21
2026Q1,2636,台驊控股,9.71,,7.54,0.96
2026Q1,2637,慧洋-KY,11.01,,4.47,1.16
2026Q1,2642,宅配通,,,2.49,1.06
2026Q1,2645,長榮航太,27.94,,2.73,5.41
2026Q1,2646,星宇航空,240.56,,,2.04
2026Q1,2701,萬企,18.86,,2.60,0.58
2026Q1,2702,華園,,,,0.60
2026Q1,2704,國賓,26.79,,1.04,0.67
2026Q1,2705,六福,18.15,,,0.62
2026Q1,2706,第一店,18.81,,2.78,0.62
2026Q1,2707,晶華,12.71,,6.04,6.41
2026Q1,2712,遠雄來,,,,1.54
2026Q1,2722,夏都,,,,1.30
2026Q1,2723,美食-KY,,,,1.09
2026Q1,2727,王品,14.09,,6.87,5.07
2026Q1,2731,雄獅,8.60,,8.71,2.57
2026Q1,2739,寒舍,11.63,,7.32,2.15
2026Q1,2748,雲品,18.56,,4.53,1.39
2026Q1,2753,八方雲集,13.47,,6.61,3.41
2026Q1,2762,世界健身-KY,16.91,,6.64,3.67
2026Q1,2801,彰銀,15.75,,4.17,1.31
2026Q1,2812,台中銀,13.23,,5.17,1.32
2026Q1,2816,旺旺保,5.36,,4.44,0.89
2026Q1,2820,華票,11.02,,5.37,0.81
2026Q1,2832,台產,11.42,,5.89,1.23
2026Q1,2834,臺企銀,13.89,,5.49,1.19
2026Q1,2836,高雄銀,16.35,,3.72,0.84
2026Q1,2838,聯邦銀,14.72,,5.11,1.12
2026Q1,2845,遠東銀,15.34,,4.67,0.92
2026Q1,2849,安泰銀,17.91,,3.31,0.83
2026Q1,2850,新產,11.49,,4.52,2.33
2026Q1,2851,中再保,6.66,,6.38,1.17
2026Q1,2852,第一保,8.77,,6.15,0.86
2026Q1,2855,統一證,9.69,,4.87,1.66
2026Q1,2867,三商壽,70.71,,,0.75
2026Q1,2880,華南金,21.11,,3.32,2.50
2026Q1,2881,富邦金,17.88,,3.27,1.99
2026Q1,2882,國泰金,15.40,,3.45,2.03
2026Q1,2883,凱基金,17.33,,3.24,1.54
2026Q1,2884,玉山金,17.57,,3.62,2.20
2026Q1,2885,元大金,20.95,,3.23,2.53
2026Q1,2886,兆豐金,21.59,,3.30,1.96
2026Q1,2887,台新新光金,17.62,,3.06,1.58
2026Q1,2889,國票金,20.26,,3.78,1.22
2026Q1,2890,永豐金,19.43,,3.20,2.22
2026Q1,2891,中信金,15.64,,3.85,2.32
2026Q1,2892,第一金,18.85,,3.54,1.78
2026Q1,2897,王道銀行,15.07,,5.07,0.70
2026Q1,2901,欣欣,59.02,,1.53,1.98
2026Q1,2903,遠百,13.67,,5.64,1.00
2026Q1,2904,匯僑,23.19,,5.20,0.85
2026Q1,2905,三商,27.14,,1.75,0.61
2026Q1,2906,高林,28.89,,4.62,0.81
2026Q1,2908,特力,55.25,,2.49,1.63
2026Q1,2910,統領,21.07,,4.05,1.71
2026Q1,2911,麗嬰房,1.75,,,0.49
2026Q2,2912,統一超,20.18,,4.02,5.68
2026Q1,2913,農林,,,,0.70
2026Q1,2915,潤泰全,6.12,,3.64,0.49
2026Q1,2923,鼎固-KY,,,0.34,1.33
2026Q1,2929,淘帝-KY,,,,0.22
2026Q1,2939,永邑-KY,,,,1.61
2026Q1,2945,三商家購,18.40,,3.62,1.45
2026Q1,3002,歐格,48.48,,2.06,1.28
2026Q1,3003,健和興,54.65,,1.81,1.34
2026Q1,3004,豐達科,25.28,,1.89,2.39
2026Q1,3005,神基,13.99,,5.96,3.04
2026Q2,3006,晶豪科,5.68,,0.56,2.70
2026Q1,3008,大立光,25.19,,1.98,2.86
2026Q1,3010,華立,11.99,,4.71,1.23
2026Q1,3011,今皓,,,,1.12
2026Q1,3013,晟銘電,16.86,,1.04,2.87
2026Q1,3014,聯陽,13.51,,6.80,3.34
2026Q1,3015,全漢,26.06,,4.16,0.84
2026Q1,3016,嘉晶,194.88,,0.63,4.71
2026Q1,3017,奇鋐,38.12,,0.91,20.16
2026Q1,3018,隆銘綠能,,,,2.29
2026Q1,3019,亞光,18.66,,3.59,2.50
2026Q1,3021,鴻名,34.74,,2.98,1.22
2026Q1,3022,威強電,24.08,,4.12,1.31
2026Q2,3023,信邦,22.14,,3.38,4.37
2026Q1,3024,憶聲,134.44,,1.82,1.11
2026Q1,3025,星通,13.48,,5.94,3.32
2026Q1,3026,禾伸堂,57.99,,1.29,7.71
2026Q1,3027,盛達,,,,1.10
2026Q1,3028,增你強,12.04,,4.88,2.29
2026Q1,3029,零壹,16.10,,5.02,3.60
2026Q1,3030,德律,23.25,,2.61,6.06
2026Q1,3031,佰鴻,18.75,,4.76,1.28
2026Q1,3032,偉訓,,,,3.15
2026Q1,3033,威健,16.84,,4.33,2.01
2026Q1,3034,聯詠,21.27,,4.43,4.39
2026Q2,3035,智原,58.86,,1.20,2.28
2026Q1,3036,文曄,13.94,,3.97,2.21
2026Q2,3037,欣興,52.40,,0.25,10.10
2026Q1,3038,全台,22.13,,5.77,1.29
2026Q1,3040,遠見,,,10.00,1.55
2026Q1,3041,揚智,,,,2.14
2026Q1,3042,晶技,28.53,,3.21,3.36
2026Q1,3043,科風,,,,1.05
2026Q1,3044,健鼎,17.93,,3.44,3.33
2026Q1,3045,台灣大,22.82,,4.21,3.74
2026Q1,3046,建碁,12.63,,5.79,2.63
2026Q1,3047,訊舟,,,,1.24
2026Q1,3048,益登,16.64,,2.16,2.14
2026Q1,3049,精金,,,,1.14
2026Q1,3050,鈺德,,,2.23,0.73
2026Q1,3051,力特,21.50,,2.26,1.43
2026Q1,3052,夆典,11.11,,5.69,0.61
2026Q2,3054,立萬利,9.97,,1.65,2.54
2026Q1,3055,蔚華科,,,0.55,6.28
2026Q1,3056,富華新,,,4.43,0.79
2026Q1,3057,喬鼎,,,,1.48
2026Q1,3058,立德,,,,1.07
2026Q1,3059,華晶科,31.14,,2.61,1.18
2026Q1,3060,銘異,,,0.74,1.36
2026Q1,3062,建漢,,,,1.53
2026Q1,3090,日電貿,26.04,,3.84,2.04
2026Q1,3092,鴻碩,,,,1.79
2026Q1,3094,聯傑,134.04,,0.72,2.86
2026Q1,3130,一零四,13.46,,7.24,3.69
2026Q1,3135,凌航,10.83,,3.07,4.21
2026Q1,3138,耀登,55.84,,1.80,1.80
2026Q1,3149,正達,,,,6.01
2026Q1,3150,鈺寶-創,,,3.09,1.23
2026Q1,3164,景岳,31.73,,4.85,1.10
2026Q1,3167,大量,47.37,,0.80,12.02
2026Q1,3168,眾福科,15.35,,7.29,1.92
2026Q1,3189,景碩,178.87,,0.24,7.75
2026Q1,3209,全科,15.54,,4.48,2.51
2026Q1,3229,晟鈦,863.00,,,4.37
2026Q1,3231,緯創,17.65,,3.13,2.94
2026Q1,3257,虹冠電,17.00,,5.54,2.56
2026Q1,3266,昇陽,21.80,,3.58,0.77
2026Q1,3296,勝德,167.69,,,1.67
2026Q1,3305,昇貿,27.72,,2.32,2.28
2026Q1,3308,聯德,162.50,,,1.03
2026Q2,3311,閎暉,18.04,,1.84,0.89
2026Q1,3312,弘憶股,25.81,,3.02,1.91
2026Q2,3321,同泰,,,,2.29
2026Q1,3338,泰碩,39.73,,2.24,2.47
2026Q1,3346,麗清,,,0.58,0.64
2026Q1,3356,奇偶,5.69,,6.07,1.73
2026Q1,3376,新日興,251.47,,2.34,1.92
2026Q1,3380,明泰,,,1.82,1.64
2026Q1,3406,玉晶光,14.58,,3.53,2.08
2026Q1,3413,京鼎,15.83,,3.68,2.07
2026Q1,3416,融程電,22.67,,3.08,4.10
2026Q1,3419,譁裕,,,,1.53
2026Q1,3432,台端,,,,2.22
2026Q1,3437,榮創,,,,1.12
2026Q2,3443,創意,97.54,,0.53,37.87
2026Q1,3447,展達,18.92,,4.07,1.71
2026Q1,3450,聯鈞,110.71,,0.27,10.39
2026Q1,3481,群創,413.64,,2.20,1.60
2026Q1,3494,誠研,,,,1.21
2026Q1,3501,維熹,22.32,,5.01,0.68
2026Q2,3504,揚明光,,,,2.75
2026Q1,3515,華擎,12.27,,5.66,2.13
2026Q1,3518,柏騰,11.55,,,1.52
2026Q1,3528,安馳,26.87,,1.66,2.66
2026Q1,3530,晶相光,26.26,,1.50,1.66
2026Q1,3532,台勝科,343.67,,0.37,4.34
2026Q1,3533,嘉澤,26.06,,1.88,4.96
2026Q1,3535,晶彩科,192.75,,,5.47
2026Q1,3543,州巧,,,1.82,1.16
2026Q1,3545,敦泰,,,1.65,1.22
2026Q1,3550,聯穎,,,,1.27
2026Q1,3557,嘉威,,,1.19,0.83
2026Q2,3563,牧德,36.03,,2.28,7.08
2026Q1,3576,聯合再生,38.81,,,2.03
2026Q1,3583,辛耘,44.07,,0.88,6.84
2026Q1,3588,通嘉,82.83,,1.01,1.72
2026Q1,3591,艾笛森,,,,0.98
2026Q1,3592,瑞鼎,14.22,,6.42,1.60
2026Q1,3593,力銘,,,,3.12
2026Q1,3596,智易,13.64,,5.22,2.42
2026Q1,3605,宏致,22.83,,1.99,1.62
2026Q1,3607,谷崧,36.15,,5.67,1.01
2026Q1,3617,碩天,15.30,,4.60,2.23
2026Q1,3622,洋華,9.08,,6.04,1.10
2026Q1,3645,達邁,34.79,,1.82,2.67
2026Q1,3652,精聯,20.93,,4.10,1.17
2026Q1,3653,健策,95.30,,0.63,23.86
2026Q1,3661,世芯-KY,44.85,,1.12,5.78
2026Q1,3665,貿聯-KY,42.38,,0.72,8.78
2026Q1,3669,圓展,21.57,,2.55,1.13
2026Q1,3673,TPK-KY,15.03,,3.29,0.55
2026Q1,3679,新至陞,12.96,,8.18,1.47
2026Q1,3686,達能,,,,1.67
2026Q1,3694,海華,12.58,,4.33,2.11
2026Q1,3701,大眾控,,,0.56,1.75
2026Q1,3702,大聯大,13.74,,3.38,2.10
2026Q1,3703,欣陸,9.90,,5.10,0.62
2026Q1,3704,合勤控,36.00,,0.97,1.43
2026Q1,3705,永信,18.05,,5.60,1.88
2026Q1,3706,神達,16.68,,4.58,1.75
2026Q1,3708,上緯投控,2.25,,7.07,0.48
2026Q1,3711,日月光投控,51.53,,1.19,6.95
2026Q1,3712,永崴投控,,,,1.49
2026Q1,3714,富采,,,1.87,0.85
2026Q1,3715,定穎投控,102.99,,1.08,2.63
2026Q1,3716,中化控股,12.66,,3.05,0.62
2026Q1,3717,聯嘉投控,276.25,,0.90,1.37
2026Q1,4104,佳醫,16.35,,6.07,1.38
2026Q1,4106,雃博,16.57,,4.22,0.96
2026Q1,4108,懷特,,,,1.22
2026Q1,4119,旭富,59.19,,1.58,1.05
2026Q1,4133,亞諾法,701.67,,0.52,1.01
2026Q1,4137,麗豐-KY,12.23,,10.41,1.42
2026Q1,4142,國光生,,,,1.47
2026Q1,4148,全宇生技-KY,14.17,,3.27,0.75
2026Q1,4155,訊映,18.46,,2.08,0.83
2026Q1,4164,承業醫,25.05,,4.26,0.68
2026Q1,4169,泰宗,515.63,,0.19,8.89
2026Q1,4178,永笙-KY,,,,1.99
2026Q1,4190,佐登-KY,,,1.93,0.95
2026Q1,4195,基米-創,,,,2.35
2026Q1,4306,炎洲,37.76,,4.88,0.75
2026Q1,4414,如興,,,1.31,0.55
2026Q1,4426,利勤,,,,0.76
2026Q1,4438,廣越,15.37,,3.79,0.79
2026Q1,4439,冠星-KY,12.32,,3.97,1.10
2026Q1,4440,宜新實業,10.26,,5.70,0.92
2026Q1,4441,振大環球,12.20,,6.21,1.80
2026Q1,4526,東台,25.87,,3.72,1.42
2026Q1,4532,瑞智,12.92,,6.34,1.12
2026Q1,4536,拓凱,12.33,,4.83,1.64
2026Q1,4540,全球傳動,,,,1.52
2026Q1,4545,銘鈺,,,0.41,1.27
2026Q1,4551,智伸科,24.44,,2.58,2.10
2026Q1,4552,力達-KY,11.43,,3.41,0.32
2026Q1,4555,氣立,175.87,,1.24,0.98
2026Q1,4557,永新-KY,,,3.96,0.93
2026Q1,4560,強信-KY,11.01,,6.35,1.02
2026Q1,4562,穎漢,,,,2.76
2026Q1,4564,元翎,,,,0.95
2026Q1,4566,時碩工業,72.17,,1.02,1.47
2026Q1,4569,六方科-KY,32.37,,2.07,1.75
2026Q1,4571,鈞興-KY,16.37,,3.57,2.27
2026Q1,4572,駐龍,54.15,,3.48,3.08
2026Q1,4576,大銀微系統,71.06,,0.44,5.23
2026Q1,4581,光隆精密-KY,12.18,,5.89,1.34
2026Q1,4582,聚恆-創,17.76,,3.29,1.47
2026Q2,4583,台灣精銳,33.04,,2.25,3.59
2026Q1,4585,達明,214.02,,0.35,4.30
2026Q1,4588,玖鼎電力,14.19,,5.94,2.27
2026Q1,4590,富田-創,31.69,,2.86,1.25
2026Q1,4720,德淵,30.33,,2.16,1.30
2026Q1,4722,國精化,100.89,,0.69,5.58
2026Q1,4736,泰博,7.04,,3.89,1.28
2026Q1,4737,華廣,,,,1.97
2026Q1,4739,康普,23.68,,1.32,1.52
2026Q1,4746,台耀,17.98,,5.92,0.78
2026Q1,4755,三福化,29.92,,3.43,1.95
2026Q1,4763,材料*-KY,9.33,,6.32,2.21
2026Q1,4764,雙鍵,138.30,,0.38,9.18
2026Q1,4766,南寶,14.86,,5.83,2.85
2026Q1,4770,上品,21.20,,2.80,2.12
2026Q1,4771,望隼,14.01,,3.83,2.51
2026Q1,4807,日成-KY,27.19,,,1.88
2026Q1,4904,遠傳,26.65,,3.63,3.95
2026Q1,4906,正文,,,1.52,1.22
2026Q1,4912,聯德控股-KY,37.58,,1.13,1.34
2026Q1,4915,致伸,12.41,,6.99,1.42
2026Q1,4916,事欣科,16.93,,0.53,3.21
2026Q1,4919,新唐,,,,3.72
2026Q1,4927,泰鼎-KY,,,,1.58
2026Q1,4930,燦星網,,,3.76,0.40
2026Q1,4934,太極,,,,2.07
2026Q1,4935,茂林-KY,25.47,,2.87,0.56
2026Q1,4938,和碩,19.40,,4.75,1.11
2026Q1,4942,嘉彰,11.69,,5.78,0.54
2026Q1,4943,康控-KY,,,,6.41
2026Q1,4949,有成精密,22.42,,2.32,2.47
2026Q1,4952,凌通,42.61,,2.11,2.36
2026Q1,4956,光鋐,,,,1.58
2026Q1,4958,臻鼎-KY,58.32,,0.83,3.52
2026Q1,4960,誠美材,,,,1.50
2026Q1,4961,天鈺,17.93,,5.16,1.02
2026Q1,4967,十銓,5.98,,4.28,2.80
2026Q2,4968,立積,26.32,,1.64,3.33
2026Q1,4976,佳凌,,,,2.40
2026Q1,4977,眾達-KY,25.94,,1.86,2.41
2026Q1,4989,榮科,,,,5.16
2026Q1,4994,傳奇,59.49,,3.23,5.86
2026Q1,4999,鑫禾,,,1.34,0.43
2026Q1,5007,三星,18.59,,5.31,2.53
2026Q2,5203,訊連,14.33,,5.75,1.13
2026Q1,5215,科嘉-KY,15.92,,5.13,0.70
2026Q1,5222,全訊,59.63,,2.24,4.22
2026Q1,5225,東科-KY,7.84,,9.94,1.82
2026Q1,5234,達興材料,40.45,,2.09,10.37
2026Q1,5236,凌陽創新,14.95,,6.32,3.72
2026Q1,5243,乙盛-KY,15.81,,2.86,1.50
2026Q1,5244,弘凱,,,1.31,1.17
2026Q1,5258,虹堡,15.40,,1.94,1.30
2026Q1,5269,祥碩,16.14,,3.45,2.63
2026Q1,5283,禾聯碩,9.27,,3.65,1.00
2026Q1,5284,jpp-KY,20.63,,1.81,3.82
2026Q1,5285,界霖,33.76,,2.12,2.43
2026Q1,5288,豐祥-KY,15.21,,3.55,2.09
2026Q1,5292,華懋,15.43,,4.17,3.64
2026Q1,5306,桂盟,14.04,,4.21,1.21
2026Q1,5388,中磊,20.58,,3.04,1.57
2026Q1,5434,崇越,21.21,,2.68,5.04
2026Q1,5469,瀚宇博,11.68,,3.77,0.86
2026Q1,5471,松翰,52.99,,1.56,2.43
2026Q1,5484,慧友,101.89,,,4.88
2026Q1,5515,建國,7.19,,7.69,1.52
2026Q1,5519,隆大,5.65,,13.48,1.10
2026Q1,5521,工信,14.61,,1.56,0.83
2026Q1,5522,遠雄,6.86,,8.47,1.07
2026Q1,5525,順天,9.16,,5.22,1.20
2026Q1,5531,鄉林,157.20,,,0.77
2026Q1,5533,皇鼎,23.75,,4.21,0.43
2026Q1,5534,長虹,15.84,,7.09,1.08
2026Q1,5538,東明-KY,9.91,,4.39,0.87
2026Q1,5546,永固-KY,,,7.14,0.60
2026Q1,5607,遠雄港,14.75,,3.75,1.56
2026Q1,5608,四維航,56.74,,,0.52
2026Q1,5706,鳳凰,12.50,,10.20,1.95
2026Q1,5871,中租-KY,10.44,,5.38,1.09
2026Q1,5876,上海商銀,14.43,,3.96,1.06
2026Q1,5880,合庫金,19.71,,3.80,1.53
2026Q1,5906,台南-KY,57.29,,1.70,2.53
2026Q1,5907,大洋-KY,,,,0.26
2026Q1,6005,群益證,9.55,,5.00,1.55
2026Q1,6024,群益期,9.77,,5.95,1.34
2026Q1,6108,競國,,,6.01,0.81
2026Q1,6112,邁達特,22.85,,4.25,1.82
2026Q1,6115,鎰勝,16.13,,6.11,1.54
2026Q1,6116,彩晶,,,,1.05
2026Q1,6117,迎廣,13.74,,3.16,2.48
2026Q1,6120,達運,,,1.98,0.85
2026Q1,6128,上福,,,2.47,0.93
2026Q1,6133,金橋,27.47,,4.99,1.47
2026Q1,6136,富爾特,29.17,,4.73,0.72
2026Q1,6139,亞翔,19.62,,3.25,7.61
2026Q1,6141,柏承,,,,5.76
2026Q1,6142,友勁,,,,1.10
2026Q1,6152,百一,,,,1.56
2026Q1,6153,嘉聯益,,,,1.05
2026Q1,6155,鈞寶,102.40,,1.56,2.81
2026Q1,6164,華興,567.50,,,0.97
2026Q1,6165,浪凡,11.64,,10.30,2.90
2026Q1,6166,凌華,31.30,,1.06,4.25
2026Q1,6168,宏齊,305.71,,,1.43
2026Q2,6176,瑞儀,10.17,,4.25,1.04
2026Q1,6177,達麗,6.33,,6.34,1.76
2026Q1,6183,關貿,23.11,,3.79,4.68
2026Q1,6184,大豐電,17.97,,7.04,1.41
2026Q1,6189,豐藝,18.12,,5.67,1.94
2026Q1,6191,精成科,12.71,,3.19,1.47
2026Q1,6192,巨路,11.41,,5.20,1.48
2026Q1,6196,帆宣,29.81,,1.38,5.90
2026Q1,6197,佳必琪,28.20,,2.39,7.73
2026Q1,6201,亞弘電,14.88,,6.33,1.67
2026Q2,6202,盛群,44.50,,1.27,3.04
2026Q1,6205,詮欣,32.44,,2.75,1.73
2026Q1,6206,飛捷,17.53,,4.40,3.22
2026Q1,6209,今國光,36.71,,0.79,3.24
2026Q1,6213,聯茂,64.30,,1.14,4.53
2026Q1,6214,精誠,16.14,,3.90,2.21
2026Q1,6215,和椿,30.35,,1.16,4.42
2026Q1,6216,居易,362.50,,4.74,1.29
2026Q1,6224,聚鼎,59.66,,2.41,2.02
2026Q1,6225,天瀚,,,,7.50
2026Q1,6226,光鼎,,,,1.88
2026Q1,6230,尼得科超眾,,,,1.63
2026Q1,6235,華孚,14.15,,3.27,1.48
2026Q1,6239,力成,28.04,,1.91,2.98
2026Q1,6243,迅杰,,,,2.98
2026Q1,6257,矽格,27.88,,2.28,4.13
2026Q1,6269,台郡,,,,0.75
2026Q2,6271,同欣電,18.00,,1.88,1.23
2026Q1,6272,驊陞,9.92,,8.42,1.06
2026Q1,6277,宏正,24.68,,4.36,2.06
2026Q1,6278,台表科,15.98,,3.97,1.82
2026Q1,6281,全國電,13.89,,6.37,1.92
2026Q1,6282,康舒,84.80,,1.89,1.61
2026Q1,6283,淳安,,,,1.75
2026Q1,6285,啟碁,32.74,,1.94,3.07
2026Q1,6405,悅城,,,,0.83
2026Q1,6409,旭隼,27.41,,3.84,8.13
2026Q1,6412,群電,14.71,,4.84,2.12
2026Q1,6414,樺漢,18.82,,3.40,2.24
2026Q1,6415,矽力*-KY,55.51,,0.62,4.20
2026Q1,6416,瑞祺電通,19.14,,3.21,1.83
2026Q1,6426,統新,290.38,,0.33,6.23
2026Q1,6431,光麗-KY,,,,2.92
2026Q1,6438,迅得,24.54,,3.73,1.95
2026Q1,6442,光聖,43.57,,0.97,12.76
2026Q1,6443,元晶,,,,3.44
2026Q1,6446,藥華藥,66.46,,0.24,11.44
2026Q1,6449,鈺邦,27.37,,2.00,3.37
2026Q1,6451,訊芯-KY,,,0.06,5.16
2026Q1,6456,GIS-KY,,,,0.61
2026Q1,6464,台數科,19.53,,2.18,1.23
2026Q1,6472,保瑞,30.31,,2.61,3.34
2026Q1,6477,安集,397.22,,0.98,1.41
2026Q1,6491,晶碩,15.58,,3.09,2.24
2026Q1,6504,南六,,,2.50,0.82
2026Q1,6505,台塑化,25.38,,1.69,1.80
2026Q1,6515,穎崴,119.16,,0.85,32.26
2026Q1,6525,捷敏-KY,20.26,,4.07,3.62
2026Q1,6526,達發,29.85,,2.60,4.86
2026Q1,6531,愛普*,67.78,,1.05,9.19
2026Q1,6533,晶心科,,,,2.58
2026Q1,6534,正瀚-創,19.77,,5.08,3.63
2026Q1,6541,泰福-KY,,,,1.84
2026Q1,6550,北極星藥業-KY,,,,1.94
2026Q1,6552,易華電,,,,1.19
2026Q1,6558,興能高,,,,1.62
2026Q1,6573,虹揚-KY,12.63,,,2.20
2026Q1,6579,研揚,28.26,,2.44,2.50
2026Q1,6581,鋼聯,17.99,,4.86,3.01
2026Q1,6582,申豐,,,,0.53
2026Q1,6585,鼎基,23.16,,3.96,2.21
2026Q1,6589,台康生技,,,,1.66
2026Q1,6591,動力-KY,10.26,,9.09,0.84
2026Q1,6592,和潤企業,12.48,,5.37,1.19
2026Q1,6598,ABC-KY,,,,4.58
2026Q1,6605,帝寶,10.04,,4.85,1.08
2026Q1,6606,建德工業,23.85,,3.96,1.82
2026Q1,6614,資拓宏宇,14.80,,4.48,1.99
2026Q1,6625,必應,7.44,,6.70,2.55
2026Q1,6641,基士德-KY,36.46,,2.29,0.42
2026Q1,6645,金萬林-創,,,,1.81
2026Q1,6655,科定,29.56,,5.00,3.50
2026Q1,6657,華安,,,,3.14
2026Q1,6658,聯策,53.64,,0.86,3.69
2026Q1,6666,羅麗芬-KY,20.72,,4.47,1.20
2026Q1,6668,中揚光,,,,1.78
2026Q1,6669,緯穎,18.07,,3.05,7.15
2026Q1,6670,復盛應用,12.32,,6.30,2.10
2026Q1,6671,三能-KY,10.15,,5.23,0.80
2026Q1,6672,騰輝電子-KY,35.80,,1.69,3.81
2026Q1,6674,鋐寶科技,,,,1.25
2026Q1,6689,伊雲谷,25.09,,3.53,1.27
2026Q1,6691,洋基工程,24.08,,3.38,13.16
2026Q1,6695,芯鼎,,,,3.21
2026Q1,6698,旭暉應材,,,1.60,1.92
2026Q1,6706,惠特,,,,2.03
2026Q1,6715,嘉基,147.39,,0.62,5.71
2026Q1,6719,力智,27.72,,2.31,1.47
2026Q1,6722,輝創,13.42,,6.03,1.09
2026Q1,6742,澤米,,,,2.46
2026Q1,6743,安普新,36.40,,10.05,1.64
2026Q1,6753,龍德造船,18.42,,0.95,3.06
2026Q1,6754,匯僑設計,13.07,,8.26,1.31
2026Q1,6756,威鋒電子,60.86,,0.97,2.22
2026Q1,6757,台灣虎航,9.23,,4.22,3.50
2026Q1,6768,志強-KY,13.07,,7.48,0.89
2026Q1,6770,力積電,30.79,,,2.39
2026Q1,6771,平和環保-創,12.82,,8.38,1.32
2026Q1,6776,展碁國際,13.58,,5.49,1.89
2026Q1,6781,AES-KY,23.41,,2.09,4.32
2026Q1,6782,視陽,12.45,,4.55,2.76
2026Q1,6789,采鈺,91.08,,0.71,7.12
2026Q1,6790,永豐實,12.61,,6.85,1.70
2026Q1,6792,詠業,24.49,,4.54,1.81
2026Q1,6794,向榮生技,,,,5.84
2026Q1,6796,晉弘,,,0.44,2.60
2026Q2,6799,來頡,15.04,,3.22,2.04
2026Q1,6805,富世達,34.46,,0.93,12.47
2026Q1,6807,峰源-KY,10.32,,7.10,0.76
2026Q1,6830,汎銓,,,0.29,5.72
2026Q1,6831,邁科,106.71,,0.57,13.24
2026Q2,6834,天二科技,34.70,,0.50,4.58
2026Q1,6835,圓裕,240.38,,3.23,1.15
2026Q1,6838,台新藥,,,,2.46
2026Q1,6854,錼創科技-KY創,,,,2.93
2026Q1,6861,睿生光電,38.82,,1.05,5.13
2026Q1,6862,三集瑞-KY,20.49,,4.00,2.00
2026Q1,6863,永道-KY,122.48,,1.12,1.62
2026Q1,6869,雲豹能源,,,3.05,1.99
2026Q1,6873,泓德能源,24.39,,3.19,1.03
2026Q1,6885,全福生技,,,,1.75
2026Q1,6887,寶綠特-KY,15.44,,6.61,0.92
2026Q1,6890,來億-KY,16.62,,5.34,1.69
2026Q1,6901,鑽石投資,,,,1.57
2026Q1,6902,GOGOLOOK,41.30,,,5.65
2026Q1,6906,現觀科,34.44,,2.64,2.94
2026Q1,6908,宏碁遊戲-創,24.89,,3.66,0.99
2026Q1,6909,創控,49.81,,2.48,2.68
2026Q1,6914,阜爾運通,15.08,,5.42,2.83
2026Q1,6916,華凌,,,,1.18
2026Q1,6918,愛派司,14.09,,6.98,2.14
2026Q1,6919,康霈*,,,,17.11
2026Q1,6921,嘉雨思-創,174.41,,,6.75
2026Q1,6923,中台,25.11,,3.93,2.60
2026Q1,6924,榮惠-KY創,15.44,,4.85,4.09
2026Q1,6928,攸泰科技,,,,2.02
2026Q1,6931,青松健康,19.43,,1.28,2.14
2026Q1,6933,AMAX-KY,25.17,,1.67,2.66
2026Q1,6934,心誠鎂,,,,4.59
2026Q1,6936,永鴻生技,16.83,,4.75,1.66
2026Q1,6937,天虹,78.40,,0.55,4.99
2026Q1,6944,兆聯實業,20.29,,2.77,6.24
2026Q2,6947,台鎔科技,34.77,,0.87,2.87
2026Q1,6949,沛爾生醫-創,,,,19.61
2026Q1,6951,青新-創,12.42,,7.42,3.18
2026Q1,6952,大武山,46.30,,,1.66
2026Q1,6955,邦睿生技-創,27.60,,2.63,4.50
2026Q1,6957,裕慶-KY,21.40,,4.03,5.44
2026Q1,6958,日盛台駿,,,,0.80
2026Q1,6962,奕力-KY,21.20,,3.23,0.75
2026Q1,6965,中傑-KY,49.19,,6.31,1.01
2026Q1,6969,成信實業*-創,,,,2.91
2026Q1,6988,威力暘-創,,,,0.79
2026Q1,6994,富威電力,5.85,,8.17,1.12
2026Q1,7610,聯友金屬-創,74.30,,0.21,27.47
2026Q1,7631,聚賢研發-創,18.72,,2.77,3.19
2026Q1,7689,大鵬科CLMX,17.69,,3.13,6.27
2026Q1,7705,三商餐飲,13.63,,5.26,1.28
2026Q1,7711,永擎,26.12,,3.07,4.42
2026Q1,7721,微程式,98.64,,1.72,2.55
2026Q1,7722,LINEPAY,38.30,,0.74,1.69
2026Q1,7730,暉盛-創,78.24,,0.99,5.73
2026Q1,7732,金興精密,20.61,,4.21,1.28
2026Q1,7736,虎山,15.40,,5.40,1.55
2026Q1,7740,熙特爾-創,19.75,,2.36,5.17
2026Q1,7749,意騰-KY,25.68,,2.81,3.78
2026Q1,7750,新代,50.77,,0.79,12.78
2026Q1,7760,享溫馨,57.63,,5.88,1.06
2026Q2,7765,中華資安,19.66,,4.29,4.79
2026Q1,7768,頌勝科技,82.08,,1.39,8.06
2026Q1,7769,鴻勁,77.12,,1.05,17.73
2026Q1,7780,大研生醫*,40.00,,8.57,2.47
2026Q1,7786,東方風能,12.92,,4.43,2.21
2026Q1,7788,松川精密,50.13,,1.06,2.53
2026Q1,7791,皇家可口,13.10,,6.35,1.31
2026Q1,7795,長廣,125.63,,0.61,9.82
2026Q2,7799,禾榮科,,,,4.94
2026Q1,7803,雲象科技-創,,,,3.27
2026Q1,7818,溢泰實業,11.42,,3.47,1.19
2026Q1,7821,神數,13.36,,5.01,2.12
2026Q1,7822,倍利科,60.30,,0.91,5.77
2026Q1,7823,奧義賽博-KY創,,,,4.88
2026Q1,7827,漢康-KY創,,,,43.31
2026Q1,7835,永悅健康-創,,,,5.82
2026Q1,8011,台通,19.35,,4.26,0.84
2026Q1,8016,矽創,16.74,,4.32,2.74
2026Q1,8021,尖點,92.55,,0.61,8.71
2026Q1,8028,昇陽半導體,54.20,,1.10,8.09
2026Q1,8033,雷虎,246.27,,,13.05
2026Q2,8039,台虹,55.08,,1.15,4.09
2026Q1,8045,達運光電,79.29,,1.80,2.73
2026Q1,8046,南電,194.92,,0.22,12.73
2026Q1,8070,長華*,43.07,,5.94,1.82
2026Q1,8072,陞泰,25.98,,3.77,0.94
2026Q1,8081,致新,14.00,,6.50,2.91
2026Q1,8101,華冠,,,,2.69
2026Q1,8103,瀚荃,15.75,,3.83,1.48
2026Q1,8104,錸寶,,,,1.10
2026Q1,8105,凌巨,525.00,,,0.86
2026Q1,8110,華東,13.59,,4.02,1.51
2026Q1,8112,至上,9.67,,4.73,2.29
2026Q1,8114,振樺電,13.03,,5.87,1.97
2026Q1,8131,福懋科,28.38,,1.78,1.97
2026Q1,8150,南茂,61.53,,1.69,2.07
2026Q1,8162,微矽電子-創,34.93,,3.11,2.39
2026Q1,8163,達方,60.00,,1.63,0.83
2026Q1,8201,無敵,,,,1.61
2026Q1,8210,勤誠,30.98,,1.34,10.38
2026Q1,8213,志超,15.49,,3.81,0.49
2026Q2,8215,明基材,,,1.32,1.52
2026Q1,8222,寶一,58.77,,0.98,2.65
2026Q1,8249,菱光,15.39,,5.04,0.90
2026Q2,8261,富鼎,24.51,,3.06,3.41
2026Q2,8271,宇瞻,5.55,,2.00,3.04
2026Q1,8341,日友,16.26,,5.24,1.95
2026Q1,8367,建新國際,11.55,,7.01,1.16
2026Q1,8374,羅昇,,,0.28,3.94
2026Q1,8404,百和興業-KY,15.14,,3.03,0.95
2026Q1,8411,福貞-KY,133.00,,0.75,0.48
2026Q1,8422,可寧衛*,22.92,,4.85,2.60
2026Q1,8429,金麗-KY,54.73,,,0.17
2026Q1,8438,昶昕,21.94,,2.25,2.01
2026Q1,8442,威宏-KY,24.66,,6.80,0.85
2026Q1,8443,阿瘦,,,,1.20
2026Q1,8454,富邦媒,23.43,,4.07,6.29
2026Q1,8462,柏文,18.16,,4.32,4.93
2026Q1,8463,潤泰材,9.98,,3.78,1.28
2026Q1,8464,億豐,17.26,,4.20,4.09
2026Q1,8466,美吉吉-KY,,,1.79,0.44
2026Q1,8467,波力-KY,11.61,,7.06,1.89
2026Q1,8473,山林水,14.30,,4.61,1.05
2026Q1,8476,台境*,46.07,,1.03,1.68
2026Q1,8478,東哥遊艇,9.26,,4.28,1.49
2026Q1,8481,政伸,13.13,,6.87,1.63
2026Q1,8482,商億-KY,22.46,,3.70,1.73
2026Q1,8487,愛爾達-創,13.39,,6.41,2.69
2026Q1,8488,吉源-KY,,,,0.31
2026Q1,8499,鼎炫-KY,23.45,,3.42,1.13
2026Q1,8926,台汽電,14.46,,3.59,2.47
2026Q1,8940,新天地,24.60,,,1.23
2026Q1,8996,高力,60.98,,0.53,17.12
2026Q1,9802,鈺齊-KY,12.86,,7.00,1.08
2026Q1,9902,台火,,,,1.10
2026Q1,9904,寶成,6.60,,5.43,0.47
2026Q1,9905,大華,14.65,,5.33,0.74
2026Q1,9906,欣巴巴,14.94,,0.20,2.41
2026Q1,9907,統一實,13.51,,7.87,1.06
2026Q1,9908,大台北,16.47,,4.12,0.99
2026Q1,9910,豐泰,14.81,,5.99,2.52
2026Q1,9911,櫻花,12.88,,6.11,2.88
2026Q1,9912,偉聯,,,,1.88
2026Q1,9914,美利達,20.76,,3.65,1.15
2026Q1,9917,中保科,16.08,,5.69,3.38
2026Q1,9918,欣天然,25.15,,3.53,2.40
2026Q1,9919,康那香,,,,1.32
2026Q1,9921,巨大,211.25,,2.13,0.96
2026Q1,9924,福興,14.04,,6.45,0.87
2026Q1,9925,新保,16.72,,4.96,1.15
2026Q1,9926,新海,18.06,,4.26,1.98
2026Q1,9927,泰銘,14.27,,7.15,1.62
2026Q1,9928,中視,,,,0.61
2026Q1,9929,秋雨,42.41,,,1.40
2026Q1,9930,中聯資源,13.36,,6.33,2.27
2026Q1,9931,欣高,14.14,,5.35,1.17
2026Q1,9933,中鼎,8.33,,2.84,1.52
2026Q1,9934,成霖,,,0.95,0.68
2026Q1,9935,慶豐富,11.98,,6.11,1.33
2026Q1,9937,全國,22.57,,3.91,2.89
2026Q1,9938,百和,13.26,,6.58,1.05
2026Q1,9939,宏全,14.19,,4.84,1.99
2026Q1,9940,信義,55.27,,2.93,1.13
2026Q1,9941,裕融,12.01,,5.59,1.32
2026Q1,9942,茂順,14.01,,6.09,2.11
2026Q1,9943,好樂迪,14.53,,6.69,1.79
2026Q1,9944,新麗,355.00,,1.69,0.54
2026Q1,9945,潤泰新,7.60,,4.07,0.67
2026Q1,9946,三發地產,4.34,,7.59,0.82
2026Q1,9955,佳龍,32.11,,,1.91
2026Q1,9958,世紀鋼,13.33,,4.31,2.25
1150731,1240,茂生農經,11.82,3.50000000,6.34,1.57
1150731,1259,安心,26.03,1.20000000,2.06,0.74
1150731,1264,德麥,12.30,15.00000000,5.87,2.83
1150731,1268,漢來美食,14.87,8.00000000,4.64,2.85
1150731,1294,漢田生技,11.33,5.00000000,9.03,1.92
1150731,1295,生合,10.66,3.00000000,6.47,1.28
1150731,1336,台翰,40.27,0.26000000,1.74,0.62
1150731,1565,精華,13.18,5.80000000,6.30,0.73
1150731,1569,濱川,N/A,0,0.00,1.85
1150731,1570,力肯,48.62,1.00000000,2.98,1.67
1150731,1580,新麥,8.93,8.50000000,7.56,1.85
1150731,1584,精剛,29.66,0.25835500,1.50,0.83
1150731,1586,和勤,155.00,0,0.00,0.95
1150731,1591,駿吉-KY,N/A,0,0.00,3.30
1150731,1593,祺驊,12.76,2.00000000,6.70,0.92
1150731,1595,川寶,N/A,0.50000000,1.00,1.00
1150731,1599,宏佳騰,N/A,0.50000000,2.07,0.94
1150731,1742,台蠟,N/A,0,0.00,1.30
1150731,1777,生泰,12.50,4.00000000,5.55,1.29
1150731,1780,立弘,14.31,1.25000000,5.26,1.71
1150731,1781,合世,N/A,0,0.00,1.77
1150731,1784,訊聯,62.07,0.87236746,1.53,2.32
1150731,1785,光洋科,19.61,2.00009900,2.01,3.56
1150731,1788,杏昌,14.91,7.00000000,5.38,1.83
1150731,1796,金穎生技,80.00,0.70000000,2.30,1.61
1150731,1799,易威,N/A,0,0.00,5.67
1150731,1813,寶利徠,N/A,0,0.00,0.79
1150731,1815,富喬,34.00,1.00000000,1.51,2.94
1150731,2035,唐榮,N/A,0,0.00,3.84
1150731,2061,風青,N/A,0,0.00,5.02
1150731,2063,世鎧,15.73,1.50000000,6.32,1.23
1150731,2064,晉椿,N/A,0,0.00,0.87
1150731,2065,世豐,25.78,1.50000000,4.77,1.14
1150731,2066,世德,47.04,2.15000000,3.66,1.18
1150731,2067,嘉鋼,N/A,0,0.00,1.26
1150731,2070,精湛,25.33,1.50000000,3.22,1.71
1150731,2073,雄順,N/A,0.30000000,1.07,1.90
1150731,2221,大甲,18.43,1.50000000,3.46,1.67
1150731,2230,泰茂,N/A,0.60895126,2.72,1.38
1150731,2235,謚源,37.43,1.50000000,5.73,0.76
1150731,2596,綠意,18.66,1.50000000,5.03,1.40
1150731,2640,大車隊,16.05,8.00000000,5.41,4.72
1150731,2641,正德,6.98,0.50000000,2.99,0.67
1150731,2643,捷迅,11.32,4.50000000,7.63,1.01
1150731,2718,全心投控,2.27,5.50000000,12.87,0.57
1150731,2719,燦星旅,48.33,0,0.00,1.98
1150731,2724,藝舍-KY,N/A,0,0.00,1.50
1150731,2726,雅茗-KY,N/A,0,0.00,0.89
1150731,2729,瓦城,26.79,6.80000000,4.22,2.73
1150731,2732,六角,33.44,3.50000000,5.45,1.65
1150731,2734,易飛網,N/A,0,0.00,1.24
1150731,2736,富野,N/A,0,0.00,0.66
1150731,2740,華軒,N/A,0,0.00,3.97
1150731,2743,山富,29.90,3.20000000,5.49,2.17
1150731,2745,五福,9.56,7.50000000,8.56,2.66
1150731,2751,王座,11.00,3.99134413,7.75,2.51
1150731,2752,豆府,11.39,13.50000000,7.76,4.10
1150731,2754,亞洲藏壽司,16.58,1.00000000,1.46,1.76
1150731,2755,揚秦,15.41,5.91501916,5.77,3.34
1150731,2756,聯發國際,14.69,3.30000000,5.79,2.63
1150731,2916,滿心,9.95,3.60000000,9.02,1.74
1150731,2924,宏太-KY,N/A,0,0.00,2.01
1150731,2926,誠品生活,55.45,0.46000000,1.51,2.38
1150731,2937,集雅社,11.97,3.10000000,6.81,1.87
1150731,2941,米斯特,11.71,2.28000000,7.16,1.45
1150731,2947,振宇五金,21.16,1.00000000,1.61,1.67
1150731,2948,寶陞,17.82,2.25123097,5.85,1.12
1150731,2949,欣新網,16.76,2.03099616,3.50,1.66
1150731,3064,泰偉,N/A,0,0.00,4.30
1150731,3066,李洲,285.00,0,0.00,1.44
1150731,3067,全域,N/A,0,0.00,1.45
1150731,3071,協禧,36.57,0.80000000,3.13,1.79
1150731,3073,天方能源,N/A,0,0.00,1.25
1150731,3078,僑威,10.67,4.00000000,7.60,1.78
1150731,3081,聯亞,214.19,4.00000000,0.25,35.57
1150731,3083,網龍,41.31,0.33000000,1.31,1.67
1150731,3085,新零售,N/A,0,0.00,2.12
1150731,3086,華義*,N/A,0,0.00,23.65
1150731,3088,艾訊,14.79,2.93044459,2.48,2.36
1150731,3093,港建*,49.37,1.15000000,2.68,6.54
1150731,3095,及成,N/A,0,0.00,3.12
1150731,3105,穩懋,56.42,2.00000000,0.68,3.05
1150731,3114,好德,11.55,1.40847439,4.62,1.21
1150731,3115,富榮綱,N/A,0,0.00,1.25
1150731,3118,進階,13.34,2.20000000,6.93,1.72
1150731,3122,笙泉,N/A,0,0.00,2.78
1150731,3128,昇銳,20.05,1.00000000,4.62,1.28
1150731,3131,弘塑,45.11,46.08446132,1.94,17.27
1150731,3141,晶宏,65.15,0.35759067,0.54,1.84
1150731,3147,大綜,24.86,6.50000000,2.93,6.05
1150731,3152,璟德,13.36,7.11102372,3.22,2.25
1150731,3158,嘉實,12.21,6.50000000,7.94,2.30
1150731,3162,精確,56.73,0.86510256,1.47,2.21
1150731,3163,波若威,62.96,3.50000000,0.64,13.72
1150731,3169,亞信,25.85,3.20000000,3.25,3.53
1150731,3171,炎洲流通,13.31,4.64034443,7.07,3.51
1150731,3176,基亞,N/A,0,0.00,2.90
1150731,3178,公準,N/A,0,0.00,2.06
1150731,3188,鑫龍騰,3.82,3.19551547,13.86,1.39
1150731,3191,雲嘉南,78.86,0,0.00,3.14
1150731,3205,佰研,N/A,0,0.00,3.18
1150731,3206,志豐,19.73,1.50000000,4.58,1.21
1150731,3207,耀勝,N/A,0,0.00,1.52
1150731,3211,順達,39.35,11.46554000,3.93,5.03
1150731,3213,茂訊,17.18,7.00000000,5.69,1.81
1150731,3217,優群,11.27,10.00000000,7.07,2.45
1150731,3218,大學光,11.68,7.75000000,5.85,3.07
1150731,3219,倚強科,28.87,1.35953500,2.32,2.90
1150731,3221,台嘉碩,152.41,0.27699409,0.63,2.22
1150731,3224,三顧,N/A,0,0.00,1.95
1150731,3226,龍鋒,N/A,0,0.00,1.69
1150731,3227,原相,17.44,10.00700533,5.21,2.54
1150731,3228,金麗科,N/A,0,0.00,15.77
1150731,3230,錦明,N/A,0,0.00,3.30
1150731,3232,昱捷,84.13,0.50000000,2.58,1.33
1150731,3234,光環,N/A,0,0.00,14.98
1150731,3236,千如,92.26,0.50000000,1.29,2.50
1150731,3252,海灣,106.33,0,0.00,0.41
1150731,3259,鑫創,N/A,0,0.00,2.87
1150731,3260,威剛,7.96,17.00000000,4.27,4.59
1150731,3264,欣銓,23.11,4.20000000,2.37,4.27
1150731,3265,台星科,25.26,4.10000000,2.85,3.25
1150731,3268,海德威,N/A,0,0.00,1.60
1150731,3272,東碩,N/A,0,0.00,0.93
1150731,3276,宇環,77.00,0.06000000,0.39,1.26
1150731,3284,太普高,8.94,0.50000000,2.46,1.38
1150731,3285,微端,39.31,0.50000000,1.35,2.64
1150731,3287,廣寰科,10.02,1.50000000,5.29,1.88
1150731,3288,點晶,N/A,0,0.00,3.90
1150731,3289,宜特,29.09,4.45846576,3.17,2.54
1150731,3290,東浦,11.08,1.50000000,2.91,1.97
1150731,3293,鈊象,19.22,36.00000000,4.64,18.16
1150731,3294,英濟,N/A,0,0.00,1.68
1150731,3297,杭特,51.20,0,0.00,1.59
1150731,3303,岱稜,12.88,3.00000000,5.45,2.29
1150731,3306,鼎天,19.89,1.70000000,3.89,0.68
1150731,3310,佳穎,43.38,3.50000000,5.24,2.48
1150731,3313,斐成,N/A,0,0.00,1.02
1150731,3317,尼克森,34.62,0.50000000,0.78,1.77
1150731,3322,建舜電,N/A,0,0.00,0.92
1150731,3323,加百裕,N/A,0,0.00,1.12
1150731,3324,雙鴻,26.03,11.90330569,1.32,6.25
1150731,3325,旭品,N/A,0,0.00,1.24
1150731,3332,幸康,15.78,2.00000000,3.23,1.55
1150731,3339,泰谷,N/A,0,0.00,3.24
1150731,3349,寶德,N/A,0,0.00,3.17
1150731,3354,律勝,N/A,0,0.00,1.79
1150731,3357,臺慶科,19.96,5.08481026,2.62,2.25
1150731,3360,尚立,N/A,0,0.00,1.45
1150731,3362,先進光,N/A,0,0.00,6.72
1150731,3363,上詮,N/A,0,0.00,9.52
1150731,3372,典範,N/A,0,0.00,1.78
1150731,3373,熱映,N/A,1.10000000,6.83,0.97
1150731,3374,精材,53.89,2.50000000,0.90,7.41
1150731,3379,彬台,15.92,1.20000000,4.80,1.52
1150731,3388,崇越電,16.28,3.33740548,4.65,1.17
1150731,3390,旭軟,N/A,0.19906365,0.90,1.28
1150731,3402,漢科,16.64,6.00000000,4.92,4.54
1150731,3430,奇鈦科,28.28,1.60000000,1.64,2.87
1150731,3434,哲固,N/A,1.20000000,4.01,2.11
1150731,3438,類比科,58.89,1.50000000,2.83,1.00
1150731,3441,聯一光,73.68,0.85000000,1.01,4.03
1150731,3444,利機,36.38,1.80000000,2.80,2.85
1150731,3455,由田,91.29,3.50000000,2.15,4.21
1150731,3465,進泰電子,N/A,0,0.00,1.37
1150731,3466,德晉,N/A,0,0.00,1.35
1150731,3467,台灣精材,65.88,0.50000000,1.12,2.31
1150731,3479,安勤,19.22,4.62305290,3.54,2.92
1150731,3483,力致,19.27,3.00000000,4.04,1.52
1150731,3484,崧騰,12.24,2.50000000,5.21,1.12
1150731,3485,敘豐,37.23,4.50000000,2.34,4.76
1150731,3489,森寶,N/A,3.00000000,13.57,1.66
1150731,3490,單井,10.34,0.50000000,1.81,1.13
1150731,3491,昇達科,106.02,6.80000000,0.70,19.14
1150731,3492,長盛,14.60,1.10000000,5.02,1.16
1150731,3498,陽程,68.70,0,0.00,2.40
1150731,3499,環天科,N/A,0,0.00,1.58
1150731,3508,位速,N/A,0,0.00,3.36
1150731,3511,矽瑪,N/A,0,0.00,1.20
1150731,3512,皇龍,11.26,1.80000000,9.18,0.89
1150731,3516,亞帝歐,85.17,0.20000000,0.81,0.95
1150731,3520,華盈,N/A,0,0.00,1.59
1150731,3521,台鋼建設,7.22,0,0.00,1.02
1150731,3522,御嵿,N/A,0,0.00,1.57
1150731,3523,迎輝,N/A,0,0.00,2.65
1150731,3526,凡甲,17.13,16.84112667,5.61,5.50
1150731,3527,聚積,N/A,1.00000000,1.97,1.01
1150731,3529,力旺,83.03,20.50000000,0.83,53.00
1150731,3531,先益,93.75,0.50000000,2.22,0.74
1150731,3537,堡達,19.18,2.00000000,4.09,2.03
1150731,3540,曜越,67.07,0.25737554,1.32,0.77
1150731,3541,西柏,N/A,0,0.00,1.59
1150731,3546,宇峻,21.73,2.50000015,3.37,2.65
1150731,3548,兆利,1420.00,1.00000000,1.41,0.77
1150731,3551,世禾,20.77,4.80000000,2.82,2.07
1150731,3552,同致,74.67,0.50000000,1.12,0.97
1150731,3555,博士旺,16.47,0,0.00,6.84
1150731,3556,禾瑞亞,19.97,1.95000000,3.34,3.28
1150731,3558,神準,43.57,3.00000000,2.53,1.14
1150731,3564,其陽,139.50,0.27000000,0.65,1.82
1150731,3567,逸昌,26.95,1.00000000,3.91,1.50
1150731,3570,大塚,11.94,9.70000000,5.90,2.82
1150731,3577,泓格,38.11,2.00000000,1.71,5.05
1150731,3580,友威科,50.71,1.20000000,1.69,2.70
1150731,3581,博磊,73.43,0.60000000,0.61,5.54
1150731,3587,閎康,27.76,4.20831878,2.02,2.75
1150731,3594,磐儀,79.37,0.40000000,0.80,2.14
1150731,3597,映興,109.17,0.40000000,1.53,1.72
1150731,3609,三一東林,3.83,0,0.00,1.91
1150731,3611,鼎翰,9.03,10.00000000,5.45,1.57
1150731,3615,安可,32.04,0.70000000,2.12,1.02
1150731,3623,富晶通,51.71,0,0.00,1.57
1150731,3624,光頡,30.19,1.10000000,1.76,2.06
1150731,3625,西勝,N/A,0,0.00,3.16
1150731,3628,盈正,15.42,3.25000000,5.05,1.84
1150731,3629,地心引力,N/A,0,0.00,9.14
1150731,3630,新鉅科,12.58,0,0.00,1.81
1150731,3631,晟楠,N/A,0,0.00,2.14
1150731,3632,研勤,N/A,0,0.00,2.77
1150731,3646,艾恩特,144.38,0.90000000,3.90,1.76
1150731,3663,鑫科,574.00,0,0.00,2.94
1150731,3664,安瑞-KY,N/A,0,0.00,7.70
1150731,3666,光耀,N/A,0,0.00,1.99
1150731,3672,康聯訊,N/A,0,0.00,1.69
1150731,3675,德微,76.77,4.00000000,1.85,4.49
1150731,3680,家登,40.80,6.89733964,1.73,3.41
1150731,3684,榮昌,13.43,2.77366165,5.72,1.94
1150731,3685,元創精密,N/A,0,0.00,4.01
1150731,3687,歐買尬,14.74,2.00283945,3.07,1.26
1150731,3689,湧德,14.21,3.64839886,3.47,1.99
1150731,3691,碩禾,N/A,0,0.00,1.59
1150731,3693,營邦,51.92,8.00000000,1.79,3.63
1150731,3707,漢磊,N/A,0,0.00,2.89
1150731,3709,鑫聯大投控,7.25,2.15652134,3.02,2.14
1150731,3710,連展投控,N/A,0,0.00,1.23
1150731,3713,新晶投控,N/A,0,0.00,1.86
1150731,4102,永日,N/A,0,0.00,1.38
1150731,4105,東洋,11.48,4.50000000,6.05,2.82
1150731,4107,邦特,14.31,5.50000000,4.85,2.33
1150731,4109,加捷生醫,24.46,0.20000000,1.78,0.80
1150731,4111,濟生,9.95,1.30000000,4.36,1.24
1150731,4113,聯上,N/A,0,0.00,0.79
1150731,4114,健喬,18.35,1.64686448,5.68,1.65
1150731,4116,明基醫,25.10,2.00000000,5.17,1.64
1150731,4120,友華,N/A,4.00000000,8.45,0.72
1150731,4121,優盛,N/A,0,0.00,0.75
1150731,4123,晟德,2.68,2.24574930,5.96,0.99
1150731,4126,太醫,15.55,4.50000000,5.93,1.79
1150731,4127,天良,527.14,0,0.00,6.71
1150731,4128,中天,N/A,0,0.00,0.94
1150731,4129,聯合,17.54,4.50000000,5.39,1.91
1150731,4131,浩泰,N/A,0,0.00,4.75
1150731,4138,曜亞,14.19,4.20000000,8.22,1.29
1150731,4139,馬光-KY,N/A,0,0.00,4.03
1150731,4147,中裕,N/A,0,0.00,3.93
1150731,4153,鈺緯,19.33,2.00000000,6.31,1.92
1150731,4154,樂威科-KY,N/A,0,0.00,1.80
1150731,4157,太景*-KY,101.63,0,0.00,5.53
1150731,4160,訊聯基因,76.73,0.49583493,1.24,2.07
1150731,4161,聿新科,18.06,0.70000000,3.13,1.42
1150731,4162,智擎,21.17,2.00000000,3.26,1.74
1150731,4163,鐿鈦,27.46,3.50000000,2.79,2.44
1150731,4166,友霖,30.56,0,0.00,2.31
1150731,4167,松瑞藥,21.67,1.48456341,8.78,1.45
1150731,4168,醣聯,N/A,0,0.00,2.76
1150731,4171,瑞基,N/A,0,0.00,1.70
1150731,4173,久裕,16.97,1.04000000,5.89,0.68
1150731,4174,浩鼎,N/A,0,0.00,2.25
1150731,4175,杏一,16.17,3.00000000,6.02,1.33
1150731,4183,福永生技,N/A,0,0.00,1.27
1150731,4188,安克,N/A,0,0.00,1.19
1150731,4192,杏國,N/A,0,0.00,2.95
1150731,4198,欣大健康,N/A,0,0.00,4.46
1150731,4205,中華食,16.80,3.50000000,5.08,2.79
1150731,4207,環泰,9.97,1.20000000,6.11,1.38
1150731,4303,信立,13.30,5.00000000,12.09,1.17
1150731,4304,勝昱,N/A,0,0.00,3.28
1150731,4305,世坤,10.74,3.10000000,7.46,1.74
1150731,4401,東隆興,19.10,0.60000000,4.36,0.62
1150731,4402,郡都開發,N/A,0,0.00,1.81
1150731,4406,新昕纖,N/A,0,0.00,0.89
1150731,4413,飛寶企業,14.95,0.30000000,2.16,1.23
1150731,4416,三圓,12.69,0,0.00,0.44
1150731,4417,金洲,7.39,3.50000000,8.14,1.08
1150731,4419,皇家美食,N/A,0,0.00,7.96
1150731,4420,光明,43.09,3.00000000,8.60,1.02
1150731,4430,耀億,N/A,0.50000000,2.86,0.55
1150731,4432,銘旺實,4.60,0.40000000,2.58,0.50
1150731,4433,興采,22.16,1.00000000,5.13,0.62
1150731,4442,竣邦-KY,16.17,3.40267927,4.69,2.53
1150731,4502,健信,N/A,0,0.00,1.63
1150731,4503,金雨,14.91,0,0.00,1.52
1150731,4506,崇友,17.67,5.30000000,4.31,3.50
1150731,4510,高鋒,N/A,0,0.00,2.17
1150731,4513,福裕,N/A,0,0.00,1.68
1150731,4523,永彰,1.06,2.64194037,10.53,0.76
1150731,4527,方土霖,11.02,3.00000000,7.69,1.82
1150731,4528,江興鍛,N/A,0.20000000,1.31,0.56
1150731,4529,淳紳,N/A,0,0.00,1.22
1150731,4530,宏易,120.75,0,0.00,1.88
1150731,4533,協易機,1172.50,0.20000000,0.85,1.43
1150731,4534,慶騰,158.16,0,0.00,3.64
1150731,4535,至興,27.82,0.80000000,2.85,0.85
1150731,4538,大詠城,61.96,1.00000000,5.76,1.17
1150731,4541,晟田,28.85,1.40000000,2.33,2.44
1150731,4542,科嶠,194.12,0.93456890,0.40,9.26
1150731,4543,萬在,30.61,0.70000000,2.31,0.99
1150731,4549,桓達,30.00,3.20000000,3.50,2.64
1150731,4550,長佳,13.65,1.22000000,5.02,0.94
1150731,4554,橙的,23.41,2.00000000,6.62,1.57
1150731,4556,旭然,76.89,0.60000000,0.76,3.98
1150731,4558,寶緯,1600.00,0,0.00,0.91
1150731,4561,健椿,53.44,0.20000000,0.58,1.45
1150731,4563,百德,N/A,0,0.00,1.49
1150731,4568,科際精密,26.69,1.98027127,5.12,1.08
1150731,4577,達航科技,N/A,0,0.00,3.36
1150731,4580,捷流閥業,13.36,4.00000000,4.93,1.33
1150731,4584,君帆,12.76,2.00000000,5.21,1.05
1150731,4609,唐鋒,N/A,0,0.00,1.86
1150731,4702,中美實,6.16,0.50000000,5.38,0.50
1150731,4706,大恭,73.07,0.30000000,0.93,1.64
1150731,4707,磐亞,24.95,0.50000000,2.16,1.45
1150731,4711,永純,42.57,0.50000000,3.17,0.93
1150731,4714,永捷,N/A,0,0.00,0.84
1150731,4716,大立,N/A,0,0.00,1.36
1150731,4721,美琪瑪,17.28,2.30000000,3.39,3.87
1150731,4726,永昕,N/A,0,0.00,3.37
1150731,4728,雙美,28.82,12.10000000,3.16,17.58
1150731,4729,熒茂,190.50,0,0.00,1.31
1150731,4735,豪展,9.84,2.00000000,6.56,1.14
1150731,4741,泓瀚,83.90,0.30000000,0.72,1.60
1150731,4743,合一,N/A,0,0.00,1.99
1150731,4744,皇將,15.10,1.00000000,3.33,1.36
1150731,4745,合富-KY,N/A,0,0.00,0.29
1150731,4747,強生,22.31,1.05000000,2.18,1.24
1150731,4749,新應材,56.94,8.00000000,1.11,7.49
1150731,4754,國碳科,13.60,2.30000000,6.34,1.94
1150731,4760,勤凱,28.25,4.70000000,2.21,6.86
1150731,4767,誠泰科技,18.58,1.10000000,4.20,0.88
1150731,4768,晶呈科技,N/A,1.00000000,0.36,8.99
1150731,4772,台特化,44.82,3.00000000,1.39,9.20
1150731,4806,桂田文創,N/A,0,0.00,1.56
1150731,4903,聯光通,22.04,0.30000000,0.87,3.02
1150731,4905,台聯電,16.06,1.50000000,2.26,0.68
1150731,4907,富宇,11.52,1.50000000,3.54,1.79
1150731,4908,前鼎,66.67,1.00000000,0.76,5.79
1150731,4909,新復興,N/A,0,0.00,1.33
1150731,4911,德英,15.92,1.96606813,6.71,1.98
1150731,4923,力士,N/A,0,0.00,3.06
1150731,4924,欣厚-KY,13.89,0,0.00,0.93
1150731,4931,新盛力,55.30,2.50000000,1.41,8.76
1150731,4933,友輝,10.07,2.88744052,5.33,1.23
1150731,4939,亞電,N/A,0.25000000,0.49,3.48
1150731,4946,辣椒,62.19,0,0.00,4.09
1150731,4950,金耘國際,36.74,0,0.00,1.72
1150731,4951,精拓科,12.15,4.50000000,5.76,2.99
1150731,4953,緯致,13.01,5.14055403,4.27,2.02
1150731,4966,譜瑞-KY,17.36,17.65938510,3.14,1.94
1150731,4971,IET-KY,68.27,0.84741153,0.24,6.64
1150731,4972,湯石照明,N/A,0,0.00,0.65
1150731,4973,廣穎,13.72,1.00000000,0.78,3.33
1150731,4974,亞泰,15.17,3.90000000,5.80,1.54
1150731,4979,華星光,66.91,2.15335026,0.58,12.75
1150731,4991,環宇-KY,145.87,0,0.00,10.01
1150731,4995,晶達,13.35,1.99286251,4.24,2.11
1150731,5009,榮剛,15.90,1.20000000,3.77,1.09
1150731,5011,久陽,N/A,0,0.00,0.84
1150731,5013,強新,18.06,0.70000000,2.73,0.88
1150731,5014,建錩,N/A,0.50000000,4.57,0.71
1150731,5015,華祺,N/A,0.50000000,2.36,1.04
1150731,5016,松和,16.46,1.00000000,4.22,0.78
1150731,5201,凱衛,N/A,0.50000000,1.90,1.59
1150731,5202,力新,N/A,0.20000000,1.72,0.91
1150731,5205,中茂,N/A,0,0.00,3.56
1150731,5206,坤悅,4.07,1.50000000,7.35,0.85
1150731,5209,新鼎,8.70,12.94579196,8.30,5.08
1150731,5210,寶碩,31.36,0,0.00,2.89
1150731,5211,蒙恬,N/A,0,0.00,1.77
1150731,5212,凌網,9.73,4.20000000,8.99,3.14
1150731,5213,亞昕,15.25,2.80000000,12.93,1.10
1150731,5220,萬達光電,N/A,0.30000000,1.49,1.06
1150731,5223,安力-KY,N/A,0,0.00,0.43
1150731,5227,立凱-KY,N/A,0,0.00,5.75
1150731,5228,鈺鎧,42.10,0,0.00,2.57
1150731,5230,雷笛克光學,N/A,0.50000000,2.88,0.73
1150731,5245,智晶,N/A,0,0.00,1.52
1150731,5251,天鉞電,2490.00,0,0.00,2.06
1150731,5263,智崴,N/A,0,0.00,1.75
1150731,5272,笙科,N/A,0,0.00,1.17
1150731,5274,信驊,123.24,81.00000000,0.56,92.12
1150731,5276,達輝-KY,13.87,0.80000000,4.21,1.38
1150731,5278,尚凡*,25.00,1.22289304,5.10,1.86
1150731,5287,數字,10.39,11.15000008,7.69,3.54
1150731,5289,宜鼎,17.41,17.10000000,1.32,8.60
1150731,5291,邑昇,95.10,0,0.00,1.93
1150731,5299,杰力,12.95,3.66000000,3.52,1.59
1150731,5301,寶得利,N/A,0,0.00,0.68
1150731,5302,太欣,N/A,0,0.00,1.28
1150731,5309,系統電,234.52,0.49890434,1.01,2.17
1150731,5310,天剛,365.71,0,0.00,2.70
1150731,5312,寶島科,15.05,6.50000000,7.32,1.38
1150731,5314,世紀*,10.08,1.76500000,3.40,7.96
1150731,5315,光聯,11.03,1.60000000,8.29,1.27
1150731,5321,美而快,N/A,0,0.00,4.48
1150731,5324,士開,N/A,0,0.00,1.84
1150731,5328,華容,141.78,0.35000000,0.55,5.24
1150731,5340,建榮,44.35,0.60000000,0.98,5.26
1150731,5344,立衛,N/A,0,0.00,2.26
1150731,5345,馥鴻,N/A,0,0.00,4.17
1150731,5347,世界,36.51,4.47377334,2.95,4.13
1150731,5348,正能量智能,N/A,0,0.00,2.22
1150731,5351,鈺創,11.25,0,0.00,3.31
1150731,5353,台林,20.56,0.99912875,3.63,1.53
1150731,5355,佳總,N/A,0,0.00,1.15
1150731,5356,協益,52.72,2.00000000,8.25,0.56
1150731,5364,力麗店,N/A,0,0.00,0.79
1150731,5371,中光電,294.80,0.50000000,0.68,0.88
1150731,5381,光譜,34.24,0,0.00,2.07
1150731,5386,青雲,4.50,6.50000000,2.86,3.38
1150731,5392,能率,N/A,0.40000000,1.06,1.18
1150731,5398,慕康生醫,42.88,0,0.00,1.36
1150731,5403,中菲,12.20,6.50000000,6.97,3.01
1150731,5410,國眾,11.04,2.07469706,5.93,1.90
1150731,5425,台半,34.16,2.02154968,2.77,2.26
1150731,5426,振發,60.90,0.30000000,1.26,1.47
1150731,5432,新門,41.91,1.50000000,1.49,5.60
1150731,5438,東友,163.50,0.75000000,4.59,0.63
1150731,5439,高技,13.02,7.19992263,3.61,4.34
1150731,5443,均豪,37.72,2.20000000,2.56,1.14
1150731,5450,南良,75.53,0.25000000,1.74,0.99
1150731,5452,佶優,99.00,0.25000000,1.01,1.69
1150731,5455,昇益,8.63,0,0.00,1.35
1150731,5457,宣德,49.20,1.50020312,5.45,0.93
1150731,5460,同協,N/A,0,0.00,1.27
1150731,5464,霖宏,N/A,0,0.00,3.98
1150731,5465,富驊,20.57,1.20000000,5.56,1.26
1150731,5468,凱鈺,N/A,0,0.00,2.52
1150731,5474,聰泰,27.92,4.00000000,2.84,2.98
1150731,5475,德宏,482.61,0,0.00,14.82
1150731,5478,智冠,11.71,7.50000000,7.54,1.83
1150731,5481,新華,N/A,0,0.00,1.12
1150731,5483,中美晶,22.30,3.50000000,2.23,1.95
1150731,5487,通泰,N/A,0,0.00,1.34
1150731,5488,松普,68.89,0.06000000,0.48,1.13
1150731,5489,彩富,22.82,1.50000000,3.71,1.69
1150731,5490,同亨,20.66,1.50000000,4.54,2.15
1150731,5493,三聯,17.99,2.70000000,3.64,1.76
1150731,5498,凱崴,349.58,0.25000000,0.60,3.74
1150731,5508,永信建,19.46,2.77637000,5.53,2.07
1150731,5511,德昌,5.82,5.58871650,8.00,1.10
1150731,5512,力麒,55.00,0.10000000,1.30,0.43
1150731,5514,三豐,58.33,0,0.00,0.99
1150731,5516,雙喜,8.22,0,0.00,1.19
1150731,5520,力泰,8.07,7.00000000,8.62,1.75
1150731,5523,豐謙,N/A,0.50000000,1.64,1.66
1150731,5529,鉅陞,7.11,0.38609252,1.85,1.37
1150731,5530,龍巖,17.05,0,0.00,0.69
1150731,5536,聖暉*,25.69,20.00000000,2.16,8.76
1150731,5543,桓鼎-KY,N/A,0,0.00,3.27
1150731,5547,久舜,8.36,1.94126126,9.52,1.17
1150731,5548,安倉,10.05,1.87808456,9.16,1.07
1150731,5601,台聯櫃,69.05,0.38000000,1.31,1.35
1150731,5603,陸海,44.06,0.50000000,3.55,0.78
1150731,5604,中連,31.84,2.00000000,6.61,1.71
1150731,5609,中菲行,9.92,5.60000000,7.13,1.83
1150731,5701,劍湖山,N/A,0,0.00,1.25
1150731,5703,亞都,21.00,0,0.00,1.77
1150731,5704,老爺知,45.63,0,0.00,1.28
1150731,5864,致和證,4.33,1.60000000,5.25,1.42
1150731,5878,台名,13.02,2.40000000,6.25,1.97
1150731,5902,德記,16.32,1.65000000,4.84,2.61
1150731,5903,全家,27.23,6.50000000,3.43,5.14
1150731,5905,南仁湖,N/A,0,0.00,0.84
1150731,6015,宏遠證,8.24,0.54982057,3.51,1.07
1150731,6016,康和證,4.88,1.40500000,6.82,1.14
1150731,6020,大展證,20.43,0.27266554,1.27,1.08
1150731,6021,美好證,5.96,2.00102488,5.87,1.10
1150731,6023,元大期,10.23,5.50000000,6.28,1.38
1150731,6026,福邦證,8.29,1.36413977,9.67,0.98
1150731,6028,公勝保經,12.39,6.00000000,7.57,2.49
1150731,6101,寬魚國際,50.51,0,0.00,3.15
1150731,6103,合邦,N/A,0,0.00,2.54
1150731,6104,創惟,20.00,4.50000000,4.91,4.16
1150731,6109,亞元,N/A,0,0.00,1.34
1150731,6111,光聚晶電,N/A,0,0.00,1.96
1150731,6113,亞矽,N/A,0,0.00,2.05
1150731,6114,久威,64.27,0.50000000,1.90,0.71
1150731,6118,建達,47.12,0,0.00,1.24
1150731,6121,新普,11.87,21.80000000,6.18,1.72
1150731,6122,擎邦,10.93,3.40000000,6.76,2.29
1150731,6123,上奇,15.14,3.60000000,8.49,1.70
1150731,6124,業強,N/A,0,0.00,1.47
1150731,6125,廣運,321.43,0.50000000,1.11,2.67
1150731,6126,信音,37.13,0.60000000,1.97,1.05
1150731,6127,九豪,N/A,0,0.00,4.27
1150731,6129,普誠,N/A,0,0.00,1.53
1150731,6130,上亞科技,N/A,0,0.00,2.02
1150731,6134,萬旭,67.43,0.20000000,0.80,1.90
1150731,6138,茂達,19.44,10.94800583,4.13,5.76
1150731,6140,訊達,N/A,0,0.00,1.70
1150731,6143,振曜,13.07,6.00000000,6.85,2.80
1150731,6144,得利影,N/A,0,0.00,1.67
1150731,6146,耕興,17.68,12.00000000,6.23,3.19
1150731,6147,頎邦,31.40,2.80000000,2.15,1.65
1150731,6148,驊宏資,21.03,1.23000000,4.64,2.24
1150731,6150,撼訊,13.84,0.60000000,1.07,1.60
1150731,6151,晉倫,22.03,1.50000000,4.39,1.97
1150731,6154,順發,16.27,0.51000000,3.78,0.83
1150731,6156,松上,N/A,0.20000000,0.97,0.97
1150731,6158,禾昌,N/A,0,0.00,0.86
1150731,6160,欣技,N/A,0,0.00,1.56
1150731,6161,捷波,15.77,2.20000000,4.68,1.94
1150731,6163,華電網,67.54,0.58000000,1.51,1.92
1150731,6167,久正,N/A,0,0.00,0.88
1150731,6169,昱泉,N/A,0,0.00,1.44
1150731,6170,統振,10.11,4.00000000,8.62,2.45
1150731,6171,大城地產,6.12,2.00000000,8.44,1.01
1150731,6173,信昌電,39.01,1.80000000,1.24,2.79
1150731,6174,安碁,54.86,0.34000000,0.86,2.98
1150731,6175,立敦,26.49,3.00000000,4.23,2.50
1150731,6179,亞通,127.63,0.50000000,2.06,1.16
1150731,6180,橘子,N/A,1.02524353,2.44,1.68
1150731,6182,合晶,2225.00,0,0.00,3.35
1150731,6185,幃翔,231.67,0.39261977,2.82,0.98
1150731,6186,新潤,5.17,5.00793304,12.02,1.47
1150731,6187,萬潤,61.56,11.66059068,1.26,13.17
1150731,6188,廣明,21.39,3.20000000,4.83,1.48
1150731,6190,萬泰科,34.14,1.93303817,3.13,3.07
1150731,6194,育富,19.31,1.50000000,5.08,0.70
1150731,6195,詩肯,15.03,1.00000000,3.72,1.02
1150731,6198,瑞築,N/A,0,0.00,0.68
1150731,6199,天品,58.42,0,0.00,5.95
1150731,6203,海韻電,12.81,4.00000000,6.18,1.65
1150731,6204,艾華,67.14,0.50000000,0.76,4.23
1150731,6207,雷科,150.32,0.60275886,0.64,3.78
1150731,6208,日揚,21.45,2.00000000,2.45,2.48
1150731,6210,慶生,N/A,0,0.00,1.85
1150731,6212,理銘,14.04,0,0.00,0.79
1150731,6217,中探針,N/A,0,0.00,4.28
1150731,6218,豪勉,N/A,0,0.00,2.34
1150731,6219,富旺,15.76,0,0.00,0.75
1150731,6220,岳豐,30.89,0.70000000,2.87,1.12
1150731,6221,晉泰,9.88,1.20000000,5.73,1.14
1150731,6222,立軒,N/A,0,0.00,1.61
1150731,6223,旺矽,140.58,22.00000000,0.42,32.84
1150731,6227,茂綸,13.02,4.50000000,3.96,3.00
1150731,6228,全譜,N/A,0,0.00,1.82
1150731,6229,研通,251.67,0.60000000,2.65,1.29
1150731,6231,系微,31.16,5.70000000,2.75,9.53
1150731,6233,旺玖,N/A,0.75047485,3.78,1.13
1150731,6234,高僑,357.22,0.25000000,0.78,1.15
1150731,6236,中湛,1705.00,0,0.00,4.56
1150731,6237,驊訊,N/A,0.10000000,0.30,1.77
1150731,6240,松崗,N/A,0,0.00,1.09
1150731,6241,鑫永洋,67.00,0,0.00,2.16
1150731,6242,立康,14.10,2.00000000,5.81,1.24
1150731,6244,茂迪,243.33,0.14000000,0.64,1.93
1150731,6245,立端,18.65,3.80000000,5.02,1.75
1150731,6246,臺龍,14.76,0,0.00,1.14
1150731,6248,沛波,12.91,1.17346101,6.78,0.79
1150731,6259,百徽,36.22,0.34875249,1.17,2.03
1150731,6261,久元,17.64,2.50000000,3.41,1.45
1150731,6263,普萊德,17.49,7.80000000,5.36,4.81
1150731,6264,富裔,N/A,0,0.00,0.86
1150731,6265,方土昶,17.31,0,0.00,3.06
1150731,6266,泰詠,13.40,1.78000000,7.34,1.58
1150731,6270,倍微,25.00,1.00000000,3.60,0.79
1150731,6274,台燿,56.37,7.50657700,0.68,13.76
1150731,6275,元山,15.11,1.99201364,4.79,2.05
1150731,6276,安鈦克,N/A,0,0.00,2.08
1150731,6279,胡連,12.39,5.50000000,4.74,1.47
1150731,6284,佳邦,23.25,1.88959997,2.64,1.34
1150731,6290,良維,24.27,6.19234400,2.98,4.67
1150731,6291,沛亨,37.85,6.00000000,1.85,10.64
1150731,6292,迅德,9.75,1.80000000,3.35,2.10
1150731,6294,智基,10.25,3.00000000,11.13,1.40
1150731,6411,晶焱,24.26,2.21608000,2.99,1.51
1150731,6417,韋僑,21.41,2.40000000,2.14,2.64
1150731,6418,詠昇,51.96,0.38000000,1.31,1.98
1150731,6419,京晨科,9.82,0,0.00,3.13
1150731,6423,億而得,210.29,1.00000000,1.40,4.22
1150731,6425,易發,N/A,0.98915842,1.95,2.07
1150731,6432,今展科,104.46,1.20000000,1.55,2.83
1150731,6435,大中,21.06,7.50000000,3.30,4.47
1150731,6441,廣錠,N/A,0,0.00,1.15
1150731,6461,益得,N/A,0,0.00,2.82
1150731,6462,神盾,N/A,0,0.00,1.26
1150731,6465,威潤,18.53,0.20000000,0.42,4.16
1150731,6469,大樹,20.74,3.75718947,4.80,3.29
1150731,6470,宇智,13.87,2.50000000,5.89,1.43
1150731,6474,華豫寧,12.29,2.50000000,6.76,1.19
1150731,6482,弘煜科,15.73,2.00000000,7.18,1.82
1150731,6485,點序,382.00,0.47825482,0.83,1.34
1150731,6486,互動,15.46,6.00000000,8.09,2.14
1150731,6488,環球晶,52.75,7.70000000,0.90,4.38
1150731,6492,生華科,N/A,0,0.00,4.99
1150731,6494,九齊,409.58,1.00000000,2.03,1.52
1150731,6496,科懋,N/A,0,0.00,1.54
1150731,6498,久禾光,10.42,4.50000000,6.51,2.24
1150731,6499,益安,N/A,0,0.00,4.08
1150731,6506,雙邦,14.39,1.00000000,6.04,1.11
1150731,6508,惠光,116.36,0.50000000,1.95,0.93
1150731,6509,聚和,13.22,1.39368235,3.24,1.61
1150731,6510,精測,58.84,15.23489734,0.61,8.11
1150731,6512,啟發電,N/A,0,0.00,1.44
1150731,6516,勤崴國際,31.61,2.34000000,4.11,3.07
1150731,6517,保勝光學,46.57,1.50000000,2.40,2.98
1150731,6523,達爾膚,14.57,10.00000000,11.04,3.02
1150731,6527,明達醫,11.95,2.90000000,4.30,1.73
1150731,6530,創威,31.59,2.00000000,2.96,4.49
1150731,6532,瑞耘,9.55,3.00000000,4.58,2.05
1150731,6535,順藥,N/A,0,0.00,10.44
1150731,6538,倉和,138.00,1.53265649,1.11,2.76
1150731,6542,隆中,1187.50,0.02048780,0.04,2.80
1150731,6546,正基,20.68,2.50000000,4.55,1.89
1150731,6547,高端疫苗,N/A,0,0.00,4.28
1150731,6548,長科*,39.63,1.35001156,2.08,5.31
1150731,6556,勝品,10.02,3.50000000,5.37,1.22
1150731,6560,欣普羅,400.00,0,0.00,1.59
1150731,6561,是方,22.00,14.29875469,4.33,7.80
1150731,6568,宏觀,32.75,2.00000000,1.52,2.66
1150731,6569,醫揚,26.20,3.00000000,3.09,2.37
1150731,6570,維田,30.79,1.10000000,2.18,2.34
1150731,6574,霈方,13.17,3.00000000,2.60,2.83
1150731,6576,逸達,N/A,0,0.00,8.95
1150731,6577,勁豐,13.41,5.00000000,6.33,2.97
1150731,6578,達邦蛋白,N/A,0.40000000,2.42,1.19
1150731,6584,南俊國際,55.69,2.50000000,0.59,8.42
1150731,6588,東典光電,N/A,0,0.00,4.04
1150731,6590,普鴻,12.86,4.30000018,6.60,2.47
1150731,6593,台灣銘板,N/A,0,0.00,1.18
1150731,6596,寬宏藝術,5.15,18.70000000,21.25,3.24
1150731,6597,立誠,70.00,1.00000000,1.64,2.31
1150731,6603,富強鑫,42.87,0.40000000,1.53,1.64
1150731,6609,瀧澤科,N/A,0,0.00,1.12
1150731,6612,奈米醫材,78.76,1.30000013,1.85,1.77
1150731,6613,朋億*,19.04,10.00000000,3.69,4.13
1150731,6615,慧智,87.18,0,0.00,1.14
1150731,6616,特昇-KY,N/A,0,0.00,0.72
1150731,6617,共信-KY,N/A,0,0.00,3.84
1150731,6620,漢達,19.15,2.07384778,2.36,2.77
1150731,6624,萬年清,85.44,0.28942256,0.75,1.72
1150731,6629,泰金-KY,13.69,6.19621734,6.17,2.34
1150731,6637,醫影,9.20,4.50000000,7.26,1.44
1150731,6640,均華,51.12,15.00000000,1.82,7.19
1150731,6642,富致,29.60,1.80000000,2.44,2.68
1150731,6643,M31,9812.50,1.19167362,0.30,9.10
1150731,6649,台生材,59.68,1.00000000,2.70,2.42
1150731,6651,全宇昕,17.58,4.00000000,3.36,3.37
1150731,6654,天正國際,402.70,0,0.00,5.30
1150731,6661,威健生技,N/A,0,0.00,1.43
1150731,6662,樂斯科,18.46,1.55000000,4.97,1.90
1150731,6664,群翊,23.30,10.14249808,2.99,5.33
1150731,6667,信紘科,16.41,11.70516944,5.18,4.87
1150731,6679,鈺太,25.00,6.50000000,3.17,1.89
1150731,6680,鑫創電子,N/A,0.29941167,0.56,2.32
1150731,6683,雍智科技,52.52,9.00146991,0.97,8.81
1150731,6684,安格,N/A,0,0.00,1.33
1150731,6690,安碁資訊,14.70,9.00000000,5.59,1.60
1150731,6692,進能服,N/A,0.20302690,0.89,1.32
1150731,6693,廣閎科,111.94,0.60000000,0.40,5.94
1150731,6697,東捷資訊,13.35,2.60000000,6.56,1.89
1150731,6703,軒郁,10.36,1.00000000,0.95,2.87
1150731,6708,天擎,N/A,0,0.00,2.99
1150731,6712,長聖,29.82,3.99999998,2.75,4.97
1150731,6716,應廣,22.17,1.60148138,2.06,3.14
1150731,6720,久昌,49.45,3.50000001,2.59,4.65
1150731,6721,信實,10.90,3.30000000,6.35,1.69
1150731,6725,矽科宏晟,20.76,7.00000000,2.83,3.61
1150731,6727,亞泰金屬,36.00,4.50000000,1.47,5.52
1150731,6728,上洋,11.93,6.50000000,6.02,1.74
1150731,6730,常廣,18.42,1.50000000,4.35,1.73
1150731,6732,昇佳電子,23.90,5.50000000,3.63,1.81
1150731,6733,博晟生醫,N/A,0,0.00,3.40
1150731,6735,美達科技,111.07,0.70000000,1.13,2.96
1150731,6739,竹陞科技,43.01,13.00000000,1.58,22.39
1150731,6741,91APP*-KY,13.20,2.05466318,3.72,2.04
1150731,6751,智聯服務,7.62,3.00000000,7.59,0.97
1150731,6752,叡揚,12.74,4.80000000,5.06,2.75
1150731,6761,穩得,20.06,6.00000000,4.35,2.93
1150731,6762,達亞,330.00,1.00000026,0.61,4.45
1150731,6763,綠界科技*,9.82,3.00000000,7.36,2.60
1150731,6767,台微醫,N/A,0,0.00,1.70
1150731,6785,昱展新藥,N/A,0.10000000,0.11,2.66
1150731,6788,華景電,17.44,15.00000000,4.65,5.16
1150731,6791,虎門科技,20.86,3.50224411,3.43,4.73
1150731,6803,崑鼎,14.65,15.78463295,5.84,3.13
1150731,6804,明係,N/A,0.50000000,2.78,0.66
1150731,6811,宏碁資訊,14.30,10.50000000,4.85,4.22
1150731,6821,聯寶,34.91,1.08577891,2.78,1.92
1150731,6823,濾能,N/A,0,0.00,3.44
1150731,6829,千附精密,40.93,3.50000000,2.04,4.98
1150731,6840,東研信超,40.00,0.99915904,1.67,1.72
1150731,6841,長佳智能,56.32,1.00000000,1.87,2.97
1150731,6843,進典,19.46,2.00000000,5.06,1.48
1150731,6844,諾貝兒,23.38,4.00000000,6.58,0.73
1150731,6846,綠茵,12.43,3.94448057,6.49,1.82
1150731,6855,數泓科,16.83,5.50000000,4.70,3.27
1150731,6856,鑫傳,16.29,3.00000000,6.77,1.59
1150731,6859,伯特光,50.30,2.00000000,2.02,1.96
1150731,6865,偉康科技,147.35,1.40246153,5.60,1.12
1150731,6870,騰雲,32.69,5.18793963,2.10,4.81
1150731,6872,浩宇生醫,N/A,0,0.00,2.07
1150731,6874,倍力,19.44,4.00000000,5.19,3.25
1150731,6875,國邑*,N/A,0,0.00,2.92
1150731,6877,鏵友益,N/A,0.50000000,0.45,6.13
1150731,6881,潤德,9.63,18.50000000,9.25,3.09
1150731,6884,海柏特,16.28,1.50000000,4.93,1.77
1150731,6894,衛司特,25.08,8.50000000,2.63,5.05
1150731,6895,宏碩系統,36.42,2.90000000,2.46,4.17
1150731,6899,創為精密,13.88,2.80000000,5.61,1.16
1150731,6903,巨漢,18.31,8.50000000,2.86,5.27
1150731,6904,伯鑫,19.59,5.00000000,4.22,2.05
1150731,6907,雅特力-KY,33.13,0.99438385,0.60,6.38
1150731,6910,德鴻,13.86,1.75000000,7.17,1.73
1150731,6913,鴻呈,25.00,2.50000000,2.07,3.23
1150731,6922,宸曜,24.05,4.83000000,2.84,4.64
1150731,6925,意藍,17.93,2.00000000,3.91,2.72
1150731,6929,佑全,N/A,0,0.00,1.02
1150731,6945,圓祥生技,N/A,0,0.00,6.20
1150731,6953,家碩,26.59,6.00000000,2.93,4.04
1150731,6961,旅天下,18.25,5.00000000,9.62,1.35
1150731,6967,汎瑋材料,15.54,3.70000000,5.43,2.15
1150731,6968,萬達寵物,17.66,1.50000000,3.45,1.59
1150731,6971,惠民實業,11.70,1.50000000,5.80,1.10
1150731,6982,大井泵浦,N/A,1.59594502,3.32,2.12
1150731,6983,華洋精機,75.56,3.00000000,1.00,11.92
1150731,6986,和迅,16.24,0.22000000,0.49,2.66
1150731,6996,力領科技,13.40,10.00178580,5.78,2.94
1150731,6997,博弘,52.21,4.60000000,6.48,2.73
1150731,7402,邑錡,N/A,0.49936115,0.49,5.63
1150731,7547,碩網,18.54,1.80000000,3.93,1.55
1150731,7556,意德士,27.70,4.53536488,2.16,4.09
1150731,7584,樂意,N/A,0.40000000,1.60,0.92
1150731,7642,昶瑞機電,33.29,3.00000000,3.90,2.50
1150731,7703,銳澤,20.66,7.00000000,4.32,2.91
1150731,7704,明遠精密,23.82,1.79999999,3.31,1.63
1150731,7708,全家餐飲,13.15,5.50000000,6.12,2.42
1150731,7709,榮田,33.47,1.50000000,2.22,1.61
1150731,7712,博盛半導體,22.96,4.00000000,3.16,2.11
1150731,7713,威力德生醫,14.43,4.10000000,5.86,2.83
1150731,7714,創泓科技,20.01,5.00000000,3.64,5.47
1150731,7715,裕山,13.06,1.80000000,5.74,1.14
1150731,7716,昱臺國際,18.75,1.70000000,7.08,1.08
1150731,7717,萊德光電-KY,60.30,3.29284754,0.92,8.36
1150731,7718,友鋮,11.19,2.50000000,5.32,1.32
1150731,7723,築間,N/A,0,0.00,1.19
1150731,7728,光焱科技,101.30,5.10000360,0.94,10.68
1150731,7734,印能科技,85.82,19.85063330,0.59,13.65
1150731,7738,東聯互動,11.91,10.00000000,6.04,2.50
1150731,7743,金利食安,40.61,0.50000000,2.51,1.16
1150731,7744,崴寶,23.77,7.00000000,1.75,4.85
1150731,7747,昕奇雲端,28.57,4.00000000,3.45,3.45
1150731,7751,竑騰,54.30,18.00000000,1.46,15.21
1150731,7753,星亞,9.04,1.50000000,4.02,1.62
1150731,7757,金色三麥,10.57,7.75000000,8.69,2.24
1150731,7767,仁大資訊,12.77,3.00000000,6.45,1.64
1150731,7770,君曜,19.21,2.00000000,4.98,1.94
1150731,7772,耀穎,87.60,1.50000000,1.78,3.00
1150731,7777,能率亞洲,57.66,0.25000000,0.68,3.28
1150731,7782,光速火箭,15.72,2.01126370,7.71,1.34
1150731,7792,安葆,24.36,8.00000000,4.18,2.90
1150731,7794,宏碁智新,10.74,1.60000000,5.66,2.08
1150731,7805,威聯通,14.04,40.00000000,6.60,2.85
1150731,7810,捷創科技,28.69,5.00000000,2.82,3.64
1150731,7811,民盛,14.31,5.66995644,7.99,1.10
1150731,7814,海昌生技,N/A,0,0.00,4.15
1150731,7819,精誠金融,11.45,1.73875353,5.17,1.58
1150731,7820,立盈,47.85,1.50000000,1.50,4.59
1150731,7828,創新服務,198.22,4.52980585,0.34,46.43
1150731,7839,達人網,17.06,2.03529174,4.47,3.33
1150731,7842,天能綠電,18.12,3.20000000,4.01,2.87
1150731,8024,佑華,N/A,0,0.00,1.58
1150731,8027,鈦昇,N/A,0,0.00,6.06
1150731,8032,光菱,13.11,1.20000000,3.47,0.84
1150731,8034,榮群,12.96,1.20000000,6.52,1.43
1150731,8038,長園科,23.54,0,0.00,4.12
1150731,8040,九暘,825.00,0,0.00,2.57
1150731,8042,金山電,31.53,1.19592012,1.21,3.03
1150731,8043,蜜望實,37.99,0.90000000,0.71,3.60
1150731,8044,網家,N/A,0,0.00,0.78
1150731,8047,星雲,N/A,0,0.00,4.76
1150731,8048,德勝,19.61,2.30000000,4.56,2.42
1150731,8049,晶采,15.18,1.40000000,5.43,1.32
1150731,8050,廣積,54.60,2.14765656,3.93,1.57
1150731,8054,安國,N/A,0,0.00,3.26
1150731,8059,凱碩,N/A,0,0.00,2.47
1150731,8064,東捷,43.55,0.98096387,1.07,3.92
1150731,8066,來思達,N/A,0,0.00,0.97
1150731,8067,志旭,N/A,0,0.00,2.13
1150731,8068,全達,16.23,0,0.00,1.32
1150731,8069,元太,19.63,5.88820682,3.12,3.39
1150731,8071,能率網通,N/A,0,0.00,1.68
1150731,8074,鉅橡,30.37,1.10000000,2.22,2.58
1150731,8076,伍豐,82.78,0.70000000,3.13,1.74
1150731,8077,洛碁,6.70,2.00000000,4.57,1.77
1150731,8080,泰霖,1475.00,0,0.00,3.56
1150731,8083,瑞穎,14.18,10.00000000,6.19,5.17
1150731,8084,巨虹,N/A,0,0.00,5.65
1150731,8085,福華,N/A,0,0.00,1.24
1150731,8086,宏捷科,24.72,1.68000000,1.53,2.64
1150731,8087,麗升能源,N/A,0,0.00,1.37
1150731,8088,品安,16.85,1.50000000,3.42,2.26
1150731,8089,康全電訊,N/A,0,0.00,1.18
1150731,8091,翔名,30.07,4.21513178,2.00,3.04
1150731,8092,建暐,200.00,0,0.00,1.48
1150731,8093,保銳,N/A,0,0.00,2.95
1150731,8096,擎亞,65.79,0.50000000,0.44,5.80
1150731,8097,常珵,N/A,0,0.00,2.90
1150731,8099,大世科,19.32,2.10000000,3.72,3.20
1150731,8102,傑霖科技,47.93,1.00000000,1.39,4.14
1150731,8107,大億金茂,N/A,0,0.00,0.56
1150731,8109,博大,18.69,4.50000000,3.80,3.39
1150731,8111,立碁,165.59,0.60000000,1.07,4.68
1150731,8121,越峰,N/A,0,0.00,2.93
1150731,8147,正淩,34.46,3.03000000,2.71,3.02
1150731,8155,博智,32.71,5.15772039,1.89,4.39
1150731,8171,天宇,N/A,0,0.00,1.13
1150731,8176,智捷,75.62,0,0.00,1.18
1150731,8182,加高,607.50,0.25000000,0.69,1.08
1150731,8183,精星,11.37,0.80000000,2.76,0.92
1150731,8227,巨有科技,56.40,1.70000000,1.21,4.79
1150731,8234,新漢,N/A,0.40000000,0.66,2.80
1150731,8240,華宏,21.12,1.30000000,3.36,0.84
1150731,8255,朋程,23.86,3.49512450,2.57,1.77
1150731,8272,全景軟體,13.54,2.80000000,4.31,1.98
1150731,8277,商丞,N/A,0,0.00,1.65
1150731,8279,生展,10.53,5.00000000,5.69,1.02
1150731,8284,三竹,14.00,4.00287477,6.38,2.07
1150731,8289,泰藝,159.40,0.15000000,0.38,1.70
1150731,8291,尚茂,N/A,0,0.00,10.70
1150731,8299,群聯,15.69,23.19257389,1.41,4.89
1150731,8342,益張,15.21,5.00000000,5.65,2.69
1150731,8349,恒耀,19.27,1.53599810,3.87,1.16
1150731,8354,冠好,40.64,0.11000000,0.69,0.59
1150731,8358,金居,57.20,2.00000000,0.67,9.23
1150731,8383,千附,18.41,2.50000000,3.65,1.98
1150731,8390,金益鼎,10.93,3.80000000,4.21,2.44
1150731,8401,白紗科,8.46,1.20000000,5.31,1.38
1150731,8403,盛弘,20.38,0.60000000,3.17,0.76
1150731,8409,商之器,18.88,0,0.00,1.86
1150731,8410,森田,11.23,1.60000000,5.22,0.59
1150731,8415,大國鋼,11.18,1.50000000,4.05,1.31
1150731,8416,實威,11.93,8.50000000,5.09,2.66
1150731,8421,旭源,N/A,0,0.00,1.12
1150731,8423,保綠-KY,20.65,0.70000000,3.99,1.15
1150731,8424,惠普,11.67,5.00000000,7.31,2.02
1150731,8426,紅木-KY,10.10,0.80000000,3.81,0.83
1150731,8431,匯鑽科,N/A,0,0.00,2.95
1150731,8432,東生華,12.93,2.61000000,5.26,1.29
1150731,8433,弘帆,18.33,4.20000000,7.98,1.26
1150731,8435,鉅邁,14.72,3.20000000,6.07,2.14
1150731,8436,大江,12.93,6.00000000,5.31,1.54
1150731,8437,大地-KY,N/A,0,0.00,0.18
1150731,8440,綠電,35.19,0.20000000,1.05,1.46
1150731,8444,綠河-KY,N/A,0,0.00,108.80
1150731,8446,華研,9.66,8.00000000,9.46,2.35
1150731,8450,霹靂,N/A,0,0.00,1.75
1150731,8455,大拓-KY,45.09,0,0.00,1.16
1150731,8472,夠麻吉,N/A,0,0.00,4.55
1150731,8477,創業家,N/A,0,0.00,2.99
1150731,8489,三貝德,N/A,0,0.00,1.42
1150731,8905,裕國,55.36,0.71000000,2.33,1.27
1150731,8906,花王,N/A,0,0.00,2.34
1150731,8908,欣雄,18.93,1.80000000,4.51,3.02
1150731,8916,光隆,18.31,3.03398441,7.08,1.30
1150731,8917,欣泰,22.47,2.10000000,4.05,2.99
1150731,8921,沈氏,N/A,0.26590000,1.51,0.79
1150731,8923,時報,28.62,0.90000000,4.84,1.22
1150731,8924,大田,10.70,4.30000000,8.02,1.14
1150731,8927,北基,37.45,0.30624815,1.60,1.44
1150731,8928,鉅明,39.39,0.80000000,3.56,1.05
1150731,8929,富堡,N/A,0,0.00,0.82
1150731,8930,青鋼,12.80,2.20000000,7.35,1.80
1150731,8931,大汽電,27.24,1.60000000,3.86,2.41
1150731,8932,智通*,45.26,1.20110000,0.67,12.46
1150731,8933,愛地雅,N/A,0,0.00,0.87
1150731,8935,邦泰,N/A,0,0.00,2.22
1150731,8936,國統,11.94,3.00000000,5.79,1.85
1150731,8937,合騏*,N/A,0,0.00,4.23
1150731,8938,明安,17.25,4.00000000,7.41,1.09
1150731,8941,關中,46.61,1.00000000,2.31,1.56
1150731,8942,森鉅,21.03,1.00000000,2.73,0.76
1150731,9949,琉園,4.19,2.20000000,9.44,2.03
1150731,9950,萬國通,N/A,0,0.00,1.17
1150731,9951,皇田,10.63,3.22000000,6.11,1.02
1150731,9960,邁達康,17.11,1.55036921,4.84,1.59
1150731,9962,有益,N/A,0,0.00,0.83
