財務年度季度,公司代號,公司名稱,本益比,每股股利,殖利率,股價淨值比
2024Q2,1101,台泥,35.96,,2.96,1.09
2024Q2,1102,亞泥,15.11,,4.40,0.95
2024Q2,1103,嘉泥,121.33,,2.75,0.56
2024Q2,1104,環泥,10.16,,6.47,0.92
2024Q2,1108,幸福,12.22,,6.60,1.24
2024Q2,1109,信大,9.92,,6.37,0.79
2024Q2,1110,東泥,91.88,,0.91,1.38
2024Q2,1201,味全,27.31,,1.48,1.23
2024Q2,1203,味王,22.47,,2.20,2.06
2024Q2,1210,大成,11.27,,4.31,1.86
2024Q2,1213,大飲,,,,3.35
2024Q2,1215,卜蜂,14.45,,5.63,3.11
2024Q2,1216,統一,26.67,,3.44,3.99
2024Q2,1217,愛之味,19.92,,1.83,0.83
2024Q2,1218,泰山,13.77,,,0.81
2024Q2,1219,福壽,20.41,,4.61,1.28
2024Q2,1220,台榮,12.48,,2.45,1.21
2024Q2,1225,福懋油,67.32,,1.01,9.31
2024Q2,1227,佳格,23.07,,3.17,2.07
2024Q2,1229,聯華,22.68,,3.40,2.06
2024Q2,1231,聯華食,23.28,,2.41,4.53
2024Q2,1232,大統益,18.24,,4.43,4.72
2024Q2,1233,天仁,34.23,,2.71,2.06
2024Q2,1234,黑松,17.42,,4.47,0.93
2024Q2,1235,興泰,32.17,,0.66,1.79
2024Q2,1236,宏亞,182.69,,2.74,0.82
2024Q2,1256,鮮活果汁-KY,18.60,,3.93,1.75
2024Q2,1301,台塑,63.69,,1.87,1.00
2024Q2,1303,南亞,48.94,,1.52,0.99
2024Q2,1304,台聚,,,2.17,0.76
2024Q2,1305,華夏,59.33,,1.97,1.09
2024Q2,1307,三芳,13.59,,3.90,1.62
2024Q2,1308,亞聚,,,2.37,0.89
2024Q2,1309,台達化,,,1.38,1.34
2024Q2,1310,台苯,,,,0.97
2024Q2,1312,國喬,,,,0.45
2024Q2,1313,聯成,,,1.62,0.55
2024Q2,1314,中石化,29.59,,,0.45
2024Q2,1315,達新,37.17,,7.04,0.66
2024Q2,1316,上曜,,,,1.38
2024Q2,1319,東陽,15.82,,3.76,2.48
2024Q2,1321,大洋,35.76,,1.07,1.34
2024Q2,1323,永裕,28.09,,3.67,1.00
2024Q2,1324,地球,39.41,,1.49,1.05
2024Q2,1325,恆大,311.11,,2.14,0.87
2024Q2,1326,台化,23.11,,2.88,0.78
2024Q2,1337,再生-KY,,,,0.46
2024Q2,1338,廣華-KY,,,1.52,0.45
2024Q2,1339,昭輝,9.12,,5.15,1.09
2024Q2,1340,勝悅-KY,,,,0.45
2024Q2,1341,富林-KY,15.03,,6.43,2.80
2024Q2,1342,八貫,12.57,,6.22,3.18
2024Q2,1402,遠東新,21.57,,3.52,0.90
2024Q2,1409,新纖,19.82,,3.38,0.71
2024Q2,1410,南染,99.86,,0.81,2.17
2024Q2,1413,宏洲,,,,1.24
2024Q2,1414,東和,84.44,,1.10,1.58
2024Q2,1416,廣豐,14.10,,3.77,0.63
2024Q2,1417,嘉裕,,,1.97,0.76
2024Q2,1418,東華,53.61,,,1.47
2024Q2,1419,新紡,20.97,,2.47,0.99
2024Q2,1423,利華,63.80,,1.32,1.45
2024Q2,1432,大魯閣,81.09,,,1.96
2024Q2,1434,福懋,110.26,,2.39,0.73
2024Q2,1435,中福,,,,5.32
2024Q2,1436,華友聯,9.10,,4.69,3.67
2024Q2,1437,勤益控,10.54,,3.12,0.92
2024Q2,1438,三地開發,,,,3.11
2024Q2,1439,雋揚,19.90,,0.96,1.06
2024Q2,1440,南紡,10.80,,2.16,0.90
2024Q2,1441,大東,183.89,,,2.00
2024Q2,1442,名軒,8.55,,5.18,3.39
2024Q2,1443,立益物流,16.71,,,2.15
2024Q2,1444,力麗,45.14,,,0.85
2024Q2,1445,大宇,2.57,,12.92,1.06
2024Q2,1446,宏和,8.91,,1.54,3.13
2024Q2,1447,力鵬,,,,0.78
2024Q2,1449,佳和,16.00,,0.16,0.90
2024Q2,1451,年興,,,2.46,0.58
2024Q2,1452,宏益,21.92,,1.75,0.79
2024Q2,1453,大將,25.69,,1.62,1.35
2024Q2,1454,台富,70.00,,1.37,1.40
2024Q2,1455,集盛,69.69,,,0.92
2024Q2,1456,怡華,,,1.09,1.20
2024Q2,1457,宜進,6.94,,7.43,0.86
2024Q2,1459,聯發,29.85,,,1.07
2024Q2,1460,宏遠,,,,0.85
2024Q2,1463,強盛新,45.39,,2.16,1.72
2024Q2,1464,得力,29.39,,1.74,1.12
2024Q2,1465,偉全,20.47,,3.26,0.96
2024Q2,1466,聚隆,,,,1.02
2024Q2,1467,南緯,52.25,,,0.84
2024Q2,1468,昶和,18.88,,,1.73
2024Q2,1470,大統新創,31.57,,2.62,1.91
2024Q2,1471,首利,677.50,,,1.40
2024Q2,1472,三洋實業,14.88,,3.34,1.82
2024Q2,1473,台南,11.39,,3.25,1.36
2024Q2,1474,弘裕,16.35,,,0.77
2024Q2,1475,業旺,10.47,,3.24,2.92
2024Q2,1476,儒鴻,24.45,,2.48,5.88
2024Q2,1477,聚陽,20.02,,4.70,5.99
2024Q2,1503,士電,40.48,,1.36,2.89
2024Q2,1504,東元,21.13,,4.51,1.34
2024Q2,1506,正道,76.75,,,1.71
2024Q2,1512,瑞利,,,,2.01
2024Q2,1513,中興電,25.26,,2.09,4.76
2024Q2,1514,亞力,36.31,,1.46,5.93
2024Q2,1515,力山,9.47,,3.22,1.71
2024Q2,1516,川飛,23.07,,1.62,1.55
2024Q2,1517,利奇,,,1.25,0.98
2024Q2,1519,華城,49.45,,1.11,27.46
2024Q2,1521,大億,41.53,,1.77,1.68
2024Q2,1522,堤維西,11.86,,3.17,2.20
2024Q2,1524,耿鼎,11.73,,3.66,2.14
2024Q2,1525,江申,18.63,,4.78,1.06
2024Q2,1526,日馳,,,2.09,1.22
2024Q2,1527,鑽全,13.66,,4.26,1.38
2024Q2,1528,恩德,,,0.72,1.14
2024Q2,1529,樂事綠能,148.00,,2.03,2.56
2024Q2,1530,亞崴,13.47,,4.55,0.98
2024Q2,1531,高林股,29.60,,1.35,0.74
2024Q2,1532,勤美,7.47,,3.65,1.04
2024Q2,1533,車王電,,,,1.87
2024Q2,1535,中宇,14.24,,5.34,2.20
2024Q2,1536,和大,98.97,,1.74,1.85
2024Q2,1537,廣隆,15.45,,4.67,2.93
2024Q2,1538,正峰,,,,4.81
2024Q2,1539,巨庭,18.61,,1.94,1.25
2024Q2,1540,喬福,21.96,,2.40,2.68
2024Q2,1541,錩泰,13.21,,1.47,1.34
2024Q2,1558,伸興,20.44,,3.29,1.44
2024Q2,1560,中砂,46.76,,1.29,7.05
2024Q2,1563,巧新,20.43,,2.91,1.54
2024Q2,1568,倉佑,9.93,,4.65,1.64
2024Q2,1582,信錦,14.75,,3.88,2.08
2024Q2,1583,程泰,10.11,,6.42,1.27
2024Q2,1587,吉茂,,,2.26,2.27
2024Q2,1589,永冠-KY,,,,0.66
2024Q2,1590,亞德客-KY,23.62,,1.94,4.13
2024Q2,1597,直得,118.90,,0.82,3.62
2024Q2,1598,岱宇,,,,0.99
2024Q2,1603,華電,12.52,,3.40,0.90
2024Q2,1604,聲寶,13.31,,5.29,1.26
2024Q2,1605,華新,27.56,,3.14,0.99
2024Q2,1608,華榮,16.20,,3.01,1.86
2024Q2,1609,大亞,22.53,,3.35,2.48
2024Q2,1611,中電,31.55,,2.88,1.29
2024Q2,1612,宏泰,14.24,,5.81,1.45
2024Q2,1614,三洋電,52.92,,2.63,1.95
2024Q2,1615,大山,15.05,,4.58,3.20
2024Q2,1616,億泰,25.58,,1.68,2.28
2024Q2,1617,榮星,113.42,,1.30,1.51
2024Q2,1618,合機,16.55,,2.11,1.53
2024Q2,1626,艾美特-KY,,,1.73,0.82
2024Q2,1702,南僑,10.65,,4.49,1.36
2024Q2,1707,葡萄王,14.96,,4.81,2.22
2024Q2,1708,東鹼,14.87,,3.63,1.53
2024Q2,1709,和益,17.86,,2.43,1.29
2024Q2,1710,東聯,,,1.06,1.38
2024Q2,1711,永光,75.71,,0.57,1.73
2024Q2,1712,興農,17.67,,6.52,2.28
2024Q2,1713,國化,14.38,,2.58,2.58
2024Q2,1714,和桐,16.36,,3.33,0.72
2024Q2,1717,長興,21.21,,2.34,1.52
2024Q2,1718,中纖,,,,0.53
2024Q2,1720,生達,13.49,,4.19,1.98
2024Q2,1721,三晃,,,,2.35
2024Q2,1722,台肥,35.80,,4.48,1.06
2024Q2,1723,中碳,18.83,,3.94,3.03
2024Q2,1725,元禎,30.07,,2.06,1.45
2024Q2,1726,永記,14.92,,4.41,1.31
2024Q2,1727,中華化,209.00,,0.69,2.60
2024Q2,1730,花仙子,15.39,,5.21,1.90
2024Q2,1731,美吾華,18.46,,4.79,1.58
2024Q2,1732,毛寶,240.83,,,2.51
2024Q2,1733,五鼎,27.34,,3.69,1.71
2024Q2,1734,杏輝,15.23,,5.50,1.76
2024Q2,1735,日勝化,22.92,,2.06,1.59
2024Q2,1736,喬山,40.49,,0.63,4.92
2024Q2,1737,臺鹽,19.53,,3.43,1.08
2024Q2,1752,南光,40.45,,4.49,1.98
2024Q2,1760,寶齡富錦,77.54,,1.64,4.23
2024Q2,1762,中化生,28.36,,1.86,1.00
2024Q2,1773,勝一,26.77,,1.80,5.05
2024Q2,1776,展宇,28.83,,2.14,1.57
2024Q2,1783,和康生,25.88,,2.34,2.86
2024Q2,1786,科妍,42.17,,1.83,5.31
2024Q2,1789,神隆,50.39,,1.17,1.96
2024Q2,1795,美時,17.37,,1.77,3.77
2024Q2,1802,台玻,116.88,,,1.10
2024Q2,1805,寶徠,,,,2.41
2024Q2,1806,冠軍,63.68,,,0.86
2024Q2,1808,潤隆,3.18,,28.14,1.67
2024Q2,1809,中釉,202.73,,0.90,1.28
2024Q2,1810,和成,176.36,,1.03,0.87
2024Q2,1817,凱撒衛,10.00,,4.27,1.48
2024Q2,1903,士紙,129.55,,,2.67
2024Q2,1904,正隆,26.51,,2.03,0.94
2024Q2,1905,華紙,,,,1.47
2024Q2,1906,寶隆,113.57,,0.94,0.59
2024Q2,1907,永豐餘,28.53,,2.72,0.83
2024Q2,1909,榮成,244.17,,,0.87
2024Q2,2002,中鋼,105.23,,1.51,1.14
2024Q2,2006,東和鋼鐵,12.15,,5.30,1.91
2024Q2,2007,燁興,,,,1.15
2024Q2,2008,高興昌,81.88,,3.05,1.83
2024Q2,2009,第一銅,166.43,,,1.75
2024Q2,2010,春源,12.96,,5.43,1.02
2024Q2,2012,春雨,19.67,,3.43,1.73
2024Q2,2013,中鋼構,19.02,,3.48,2.11
2024Q2,2014,中鴻,,,0.44,2.11
2024Q2,2015,豐興,19.41,,4.12,2.32
2024Q2,2017,官田鋼,42.26,,,0.95
2024Q2,2020,美亞,5.08,,13.33,1.53
2024Q2,2022,聚亨,81.54,,1.89,1.04
2024Q2,2023,燁輝,,,2.52,1.04
2024Q2,2024,志聯,,,,1.96
2024Q2,2025,千興,,,,1.98
2024Q2,2027,大成鋼,20.03,,3.46,1.14
2024Q2,2028,威致,26.70,,2.91,1.92
2024Q2,2029,盛餘,11.94,,4.72,0.86
2024Q2,2030,彰源,62.10,,2.60,1.09
2024Q2,2031,新光鋼,6.53,,4.97,1.47
2024Q2,2032,新鋼,55.16,,,1.32
2024Q2,2033,佳大,164.29,,,1.79
2024Q2,2034,允強,,,4.10,1.24
2024Q2,2038,海光,138.57,,,0.95
2024Q2,2049,上銀,38.98,,1.17,2.15
2024Q2,2059,川湖,23.96,,1.29,5.83
2024Q2,2062,橋椿,13.27,,1.96,1.05
2024Q2,2069,運錩,125.00,,2.50,0.87
2024Q2,2101,南港,64.74,,,3.68
2024Q2,2102,泰豐,,,,1.44
2024Q2,2103,台橡,20.34,,2.35,0.96
2024Q2,2104,國際中橡,,,,0.48
2024Q2,2105,正新,20.72,,3.86,1.97
2024Q2,2106,建大,17.09,,3.22,1.45
2024Q2,2107,厚生,14.02,,5.04,0.58
2024Q2,2108,南帝,32.98,,2.66,1.29
2024Q2,2109,華豐,10.62,,6.35,1.52
2024Q2,2114,鑫永銓,16.55,,5.32,2.53
2024Q2,2115,六暉-KY,19.94,,3.19,1.00
2024Q2,2201,裕隆,14.25,,2.33,1.03
2024Q2,2204,中華,8.04,,8.13,1.16
2024Q2,2206,三陽工業,10.83,,4.11,2.51
2024Q2,2207,和泰車,17.55,,2.82,5.67
2024Q2,2208,台船,,,,2.01
2024Q2,2211,長榮鋼,19.02,,5.49,1.95
2024Q2,2227,裕日車,22.93,,2.80,2.02
2024Q2,2228,劍麟,12.86,,4.31,1.97
2024Q2,2231,為升,51.82,,3.02,3.52
2024Q2,2233,宇隆,15.87,,3.18,2.71
2024Q2,2236,百達-KY,55.73,,0.65,3.35
2024Q2,2239,英利-KY,21.33,,1.40,0.47
2024Q2,2241,艾姆勒,,,,2.25
2024Q2,2243,宏旭-KY,,,,2.66
2024Q2,2247,汎德永業,12.96,,6.20,1.90
2024Q2,2250,IKKA-KY,15.77,,3.13,1.78
2024Q2,2254,巨鎧精密-創,,,,4.60
2024Q2,2258,鴻華先進-創,,,,4.36
2024Q2,2301,光寶科,16.92,,4.53,2.62
2024Q2,2302,麗正,35.59,,1.71,1.69
2024Q2,2303,聯電,12.63,,5.58,1.89
2024Q2,2305,全友,103.50,,,1.87
2024Q2,2308,台達電,29.02,,1.69,4.79
2024Q2,2312,金寶,25.53,,1.38,1.46
2024Q2,2313,華通,15.21,,2.20,2.00
2024Q2,2314,台揚,,,,4.84
2024Q2,2316,楠梓電,7.51,,0.99,0.98
2024Q2,2317,鴻海,16.95,,2.88,1.70
2024Q2,2321,東訊,,,,2.15
2024Q2,2323,中環,16.27,,5.57,0.70
2024Q2,2324,仁寶,16.17,,3.60,1.15
2024Q2,2327,國巨,13.28,,3.52,1.81
2024Q2,2328,廣宇,16.87,,3.69,1.35
2024Q2,2329,華泰,14.64,,2.96,2.68
2024Q2,2330,台積電,26.88,,1.36,6.55
2024Q2,2331,精英,21.78,,3.99,1.11
2024Q2,2332,友訊,967.50,,2.79,1.28
2024Q2,2337,旺宏,,,1.87,1.08
2024Q2,2338,光罩,25.57,,2.57,2.40
2024Q2,2340,台亞,530.71,,1.35,2.03
2024Q2,2342,茂矽,,,,2.26
2024Q2,2344,華邦電,118.61,,,0.97
2024Q2,2345,智邦,31.39,,1.88,11.06
2024Q2,2347,聯強,15.33,,4.14,1.65
2024Q2,2348,海悅,9.49,,5.65,3.27
2024Q2,2349,錸德,,,,2.01
2024Q2,2351,順德,38.05,,1.77,3.96
2024Q2,2352,佳世達,28.85,,3.20,1.98
2024Q2,2353,宏碁,21.82,,3.92,1.64
2024Q2,2354,鴻準,24.41,,2.26,0.87
2024Q2,2355,敬鵬,13.39,,3.04,0.99
2024Q2,2356,英業達,22.93,,3.48,2.51
2024Q2,2357,華碩,12.73,,3.07,1.56
2024Q2,2359,所羅門,119.05,,1.13,4.82
2024Q2,2360,致茂,36.09,,1.77,7.28
2024Q2,2362,藍天,21.18,,2.63,0.81
2024Q2,2363,矽統,,,0.42,2.06
2024Q2,2364,倫飛,25.71,,3.02,5.81
2024Q2,2365,昆盈,120.00,,0.56,3.90
2024Q2,2367,燿華,37.50,,,2.12
2024Q2,2368,金像電,19.20,,1.77,5.28
2024Q2,2369,菱生,,,1.58,1.32
2024Q2,2371,大同,79.27,,,2.09
2024Q2,2373,震旦行,15.09,,5.93,2.19
2024Q2,2374,佳能,23.38,,1.91,1.99
2024Q2,2375,凱美,20.94,,1.19,0.78
2024Q2,2376,技嘉,21.03,,2.46,4.25
2024Q2,2377,微星,19.12,,3.10,2.91
2024Q2,2379,瑞昱,19.69,,3.29,5.39
2024Q2,2380,虹光,,,,1.82
2024Q2,2382,廣達,20.25,,3.41,5.47
2024Q2,2383,台光電,18.29,,2.23,5.38
2024Q2,2385,群光,14.17,,4.76,2.93
2024Q2,2387,精元,8.28,,5.37,1.12
2024Q2,2388,威盛,122.43,,0.08,4.67
2024Q2,2390,云辰,,,,1.05
2024Q2,2392,正崴,15.06,,3.11,1.21
2024Q2,2393,億光,16.00,,4.21,1.79
2024Q2,2395,研華,30.91,,2.94,6.05
2024Q2,2397,友通,33.43,,3.90,2.97
2024Q2,2399,映泰,,,,2.45
2024Q2,2401,凌陽,,,,2.13
2024Q2,2402,毅嘉,21.60,,2.88,1.91
2024Q2,2404,漢唐,12.58,,6.58,5.65
2024Q2,2405,輔信,221.11,,0.85,1.84
2024Q2,2406,國碩,,,,1.78
2024Q2,2408,南亞科,,,,0.87
2024Q2,2409,友達,,,5.28,0.87
2024Q2,2412,中華電,26.65,,3.79,2.67
2024Q2,2413,環科,131.56,,0.95,1.35
2024Q2,2414,精技,15.34,,6.15,2.01
2024Q2,2415,錩新,50.17,,,1.65
2024Q2,2417,圓剛,,,0.34,2.05
2024Q2,2419,仲琦,,,0.97,2.00
2024Q2,2420,新巨,18.76,,3.96,3.22
2024Q2,2421,建準,19.01,,3.79,3.56
2024Q2,2423,固緯,14.05,,5.61,2.19
2024Q2,2424,隴華,,,,11.94
2024Q2,2425,承啟,38.23,,1.04,1.77
2024Q2,2426,鼎元,91.40,,0.88,1.76
2024Q2,2427,三商電,17.55,,3.44,1.69
2024Q2,2428,興勤,15.20,,2.99,2.27
2024Q2,2429,銘旺科,,,,5.49
2024Q2,2430,燦坤,18.47,,6.51,0.90
2024Q2,2431,聯昌,,,,1.11
2024Q2,2432,倚天酷碁-創,16.79,,4.75,1.79
2024Q2,2433,互盛電,15.26,,5.91,2.04
2024Q2,2434,統懋,115.54,,,2.44
2024Q2,2436,偉詮電,40.06,,1.91,3.22
2024Q2,2438,翔耀,,,,5.41
2024Q2,2439,美律,17.47,,3.19,2.10
2024Q2,2440,太空梭,,,,1.57
2024Q2,2441,超豐,14.52,,4.27,1.52
2024Q2,2442,新美齊,13.07,,1.20,1.53
2024Q2,2444,兆勁,122.50,,,1.54
2024Q2,2449,京元電子,21.55,,2.84,3.50
2024Q2,2450,神腦,16.30,,5.58,1.50
2024Q2,2451,創見,15.40,,4.84,2.34
2024Q2,2453,凌群,18.06,,4.44,2.67
2024Q2,2454,聯發科,18.45,,4.68,4.86
2024Q2,2455,全新,42.24,,1.33,10.04
2024Q2,2457,飛宏,83.37,,,1.78
2024Q2,2458,義隆,14.77,,3.58,4.21
2024Q2,2459,敦吉,11.80,,5.60,1.40
2024Q2,2460,建通,,,,2.33
2024Q2,2461,光群雷,13.86,,2.90,1.20
2024Q2,2462,良得電,14.11,,3.62,1.54
2024Q2,2464,盟立,89.78,,0.62,3.76
2024Q2,2465,麗臺,,,,9.30
2024Q2,2466,冠西電,,,,3.36
2024Q2,2467,志聖,49.77,,1.42,7.31
2024Q2,2468,華經,23.30,,3.43,1.34
2024Q2,2471,資通,17.38,,6.67,2.88
2024Q2,2472,立隆電,11.46,,3.72,1.69
2024Q2,2474,可成,13.64,,4.23,0.96
2024Q2,2476,鉅祥,20.82,,2.73,2.54
2024Q2,2477,美隆電,26.79,,1.67,1.14
2024Q2,2478,大毅,18.43,,2.84,1.15
2024Q2,2480,敦陽科,16.80,,5.33,4.37
2024Q2,2481,強茂,26.17,,2.07,1.63
2024Q2,2482,連宇,40.59,,3.24,1.84
2024Q2,2483,百容,68.14,,1.26,1.02
2024Q2,2484,希華,25.60,,5.05,1.29
2024Q2,2485,兆赫,,,,0.96
2024Q2,2486,一詮,196.08,,0.65,4.57
2024Q2,2488,漢平,9.85,,5.78,1.57
2024Q2,2489,瑞軒,16.92,,2.45,1.17
2024Q2,2491,吉祥全,34.50,,,1.32
2024Q2,2492,華新科,21.09,,1.99,1.07
2024Q2,2493,揚博,14.37,,5.71,3.59
2024Q2,2495,普安,21.68,,2.04,2.18
2024Q2,2496,卓越,11.82,,6.22,1.75
2024Q2,2497,怡利電,36.50,,1.14,4.84
2024Q2,2498,宏達電,,,,1.74
2024Q2,2501,國建,11.84,,3.93,1.09
2024Q2,2504,國產,13.08,,4.02,2.46
2024Q2,2505,國揚,32.75,,1.72,0.86
2024Q2,2506,太設,,,2.67,0.59
2024Q2,2509,全坤建,,,,1.07
2024Q2,2511,太子,51.67,,3.32,0.70
2024Q2,2514,龍邦,5.79,,,0.62
2024Q2,2515,中工,30.50,,4.26,0.84
2024Q2,2516,新建,22.98,,,1.69
2024Q2,2520,冠德,5.42,,3.70,1.19
2024Q2,2524,京城,37.97,,,1.96
2024Q2,2527,宏璟,13.36,,4.39,0.72
2024Q2,2528,皇普,,,1.25,2.87
2024Q2,2530,華建,26.44,,1.37,3.14
2024Q2,2534,宏盛,55.87,,3.89,0.85
2024Q2,2535,達欣工,10.66,,5.96,1.42
2024Q2,2536,宏普,23.07,,1.61,0.89
2024Q2,2537,聯上發,35.42,,,1.21
2024Q2,2538,基泰,,,4.94,1.29
2024Q2,2539,櫻花建,22.04,,4.02,3.58
2024Q2,2540,愛山林,20.30,,5.09,3.91
2024Q2,2542,興富發,38.55,,3.33,1.75
2024Q2,2543,皇昌,19.41,,2.18,4.56
2024Q2,2545,皇翔,8.23,,3.87,1.60
2024Q2,2546,根基,12.55,,5.65,1.88
2024Q2,2547,日勝生,,,2.42,0.90
2024Q2,2548,華固,17.57,,6.39,2.14
2024Q2,2597,潤弘,11.62,,6.42,3.96
2024Q2,2601,益航,,,,0.72
2024Q2,2603,長榮,5.96,,4.96,0.88
2024Q2,2605,新興,13.78,,2.51,1.00
2024Q2,2606,裕民,12.26,,4.30,1.21
2024Q2,2607,榮運,13.99,,3.54,0.98
2024Q2,2608,嘉里大榮,16.56,,6.54,1.58
2024Q2,2609,陽明,9.73,,2.90,0.81
2024Q2,2610,華航,14.83,,3.21,1.70
2024Q2,2611,志信,6.71,,9.54,1.52
2024Q2,2612,中航,23.01,,2.06,0.74
2024Q2,2613,中櫃,32.15,,1.64,1.57
2024Q2,2614,東森,,,,1.68
2024Q2,2615,萬海,18.53,,1.53,1.20
2024Q2,2616,山隆,268.75,,2.00,0.61
2024Q2,2617,台航,7.04,,4.91,0.78
2024Q2,2618,長榮航,8.56,,4.80,1.89
2024Q2,2630,亞航,44.10,,1.54,2.11
2024Q2,2633,台灣高鐵,21.45,,3.45,2.40
2024Q2,2634,漢翔,19.67,,2.95,2.64
2024Q2,2636,台驊控股,9.00,,7.31,1.26
2024Q2,2637,慧洋-KY,11.22,,3.60,1.15
2024Q2,2642,宅配通,43.15,,2.29,1.54
2024Q2,2645,長榮航太,19.16,,4.61,2.97
2024Q2,2701,萬企,21.61,,2.20,0.67
2024Q2,2702,華園,24.79,,,0.83
2024Q2,2704,國賓,16.79,,1.61,0.60
2024Q2,2705,六福,,,,0.71
2024Q2,2706,第一店,23.52,,2.33,0.74
2024Q2,2707,晶華,18.08,,5.61,6.58
2024Q2,2712,遠雄來,,,1.58,2.47
2024Q2,2722,夏都,85.00,,1.18,2.56
2024Q2,2723,美食-KY,33.81,,3.86,1.50
2024Q2,2727,王品,13.96,,6.76,4.72
2024Q2,2731,雄獅,7.19,,6.13,3.31
2024Q2,2739,寒舍,7.08,,,3.14
2024Q2,2748,雲品,19.07,,3.25,2.32
2024Q2,2753,八方雲集,17.38,,4.67,2.95
2024Q2,2762,世界健身-KY,29.14,,6.38,3.01
2024Q2,2801,彰銀,14.44,,4.86,1.00
2024Q2,2809,京城銀,8.78,,5.36,1.23
2024Q2,2812,台中銀,11.95,,5.22,1.23
2024Q2,2816,旺旺保,6.49,,,1.07
2024Q2,2820,華票,16.85,,4.87,0.83
2024Q2,2832,台產,9.02,,4.58,0.87
2024Q2,2834,臺企銀,12.36,,8.46,1.04
2024Q2,2836,高雄銀,24.90,,5.02,0.88
2024Q2,2838,聯邦銀,13.36,,5.81,0.85
2024Q2,2845,遠東銀,12.41,,7.27,0.95
2024Q2,2849,安泰銀,17.79,,2.48,0.90
2024Q2,2850,新產,8.65,,5.31,1.66
2024Q2,2851,中再保,7.47,,5.38,1.02
2024Q2,2852,第一保,7.77,,4.98,0.81
2024Q2,2855,統一證,9.09,,4.89,1.17
2024Q2,2867,三商壽,27.04,,,0.83
2024Q2,2880,華南金,15.67,,5.06,1.69
2024Q2,2881,富邦金,12.66,,2.77,1.41
2024Q2,2882,國泰金,11.94,,3.01,1.23
2024Q2,2883,開發金,11.79,,3.03,1.02
2024Q2,2884,玉山金,18.45,,4.99,1.86
2024Q2,2885,元大金,13.72,,4.10,1.36
2024Q2,2886,兆豐金,16.24,,4.58,1.62
2024Q2,2887,台新金,15.33,,5.43,1.14
2024Q2,2888,新光金,9.80,,,0.71
2024Q2,2889,國票金,24.84,,6.47,1.29
2024Q2,2890,永豐金,13.70,,4.12,1.55
2024Q2,2891,中信金,10.75,,5.23,1.52
2024Q2,2892,第一金,16.21,,4.20,1.47
2024Q2,2897,王道銀行,11.55,,4.38,0.75
2024Q2,2901,欣欣,62.11,,1.29,2.35
2024Q2,2903,遠百,16.26,,5.89,1.24
2024Q2,2904,匯僑,21.14,,3.23,1.18
2024Q2,2905,三商,19.00,,1.11,0.99
2024Q2,2906,高林,30.73,,3.15,1.15
2024Q2,2908,特力,40.49,,2.81,1.51
2024Q2,2910,統領,22.44,,1.23,1.84
2024Q2,2911,麗嬰房,,,,1.41
2024Q2,2912,統一超,26.58,,3.05,8.40
2024Q2,2913,農林,,,,1.42
2024Q2,2915,潤泰全,7.49,,3.21,0.79
2024Q2,2923,鼎固-KY,92.44,,0.50,1.39
2024Q2,2929,淘帝-KY,,,,0.42
2024Q2,2939,永邑-KY,,,,1.87
2024Q2,2945,三商家購,21.54,,2.90,1.53
2024Q2,3002,歐格,70.91,,2.05,1.19
2024Q2,3003,健和興,23.72,,1.70,2.15
2024Q2,3004,豐達科,13.31,,2.67,2.05
2024Q2,3005,神基,16.18,,4.48,3.14
2024Q2,3006,晶豪科,,,0.83,1.97
2024Q2,3008,大立光,15.75,,2.66,1.95
2024Q2,3010,華立,15.50,,3.85,1.55
2024Q2,3011,今皓,,,,2.17
2024Q2,3013,晟銘電,65.22,,0.29,7.28
2024Q2,3014,聯陽,14.13,,5.67,3.85
2024Q2,3015,全漢,19.04,,5.35,0.71
2024Q2,3016,嘉晶,62.92,,0.83,3.53
2024Q2,3017,奇鋐,34.22,,1.18,9.46
2024Q2,3018,隆銘綠能,,,,2.98
2024Q2,3019,亞光,31.32,,1.58,2.36
2024Q2,3021,鴻名,25.33,,0.99,1.80
2024Q2,3022,威強電,9.73,,4.59,1.31
2024Q2,3023,信邦,21.70,,3.19,5.31
2024Q2,3024,憶聲,48.85,,0.52,1.84
2024Q2,3025,星通,18.81,,4.95,5.01
2024Q2,3026,禾伸堂,21.58,,5.48,1.60
2024Q2,3027,盛達,56.35,,1.04,1.89
2024Q2,3028,增你強,17.96,,6.30,1.25
2024Q2,3029,零壹,18.20,,4.49,3.42
2024Q2,3030,德律,23.12,,2.33,4.55
2024Q2,3031,佰鴻,17.58,,3.79,1.24
2024Q2,3032,偉訓,11.09,,5.15,2.48
2024Q2,3033,威健,15.42,,5.47,1.66
2024Q2,3034,聯詠,14.34,,6.18,5.42
2024Q2,3035,智原,57.08,,1.61,5.41
2024Q2,3036,文曄,21.75,,1.71,1.36
2024Q2,3037,欣興,23.04,,2.08,2.39
2024Q2,3038,全台,9.67,,6.08,1.49
2024Q2,3040,遠見,46.67,,2.10,1.96
2024Q2,3041,揚智,,,,3.13
2024Q2,3042,晶技,16.39,,4.13,2.80
2024Q2,3043,科風,,,,2.14
2024Q2,3044,健鼎,13.28,,3.82,2.28
2024Q2,3045,台灣大,27.32,,3.74,4.46
2024Q2,3046,建碁,17.09,,3.33,3.32
2024Q2,3047,訊舟,,,,3.16
2024Q2,3048,益登,86.86,,2.68,1.99
2024Q2,3049,精金,,,,1.03
2024Q2,3050,鈺德,31.77,,2.54,1.21
2024Q2,3051,力特,16.12,,3.39,2.04
2024Q2,3052,夆典,12.55,,4.88,0.75
2024Q2,3054,立萬利,,,,2.38
2024Q2,3055,蔚華科,,,1.54,3.36
2024Q2,3056,富華新,327.50,,2.47,1.68
2024Q2,3057,喬鼎,,,,1.63
2024Q2,3058,立德,,,,1.89
2024Q2,3059,華晶科,28.24,,1.98,1.07
2024Q2,3060,銘異,,,0.96,1.38
2024Q2,3062,建漢,,,,2.23
2024Q2,3090,日電貿,15.50,,5.48,2.15
2024Q2,3092,鴻碩,,,,1.63
2024Q2,3094,聯傑,133.60,,1.83,2.77
2024Q2,3130,一零四,16.10,,6.00,5.21
2024Q2,3138,耀登,35.53,,2.14,2.97
2024Q2,3149,正達,,,,3.04
2024Q2,3150,鈺寶-創,,,2.11,2.46
2024Q2,3164,景岳,28.17,,2.16,1.49
2024Q2,3167,大量,300.00,,0.35,5.59
2024Q2,3168,眾福科,17.89,,6.44,2.33
2024Q2,3189,景碩,379.31,,0.91,1.59
2024Q2,3209,全科,12.77,,5.69,1.80
2024Q2,3229,晟鈦,164.64,,,2.32
2024Q2,3231,緯創,18.17,,2.57,2.61
2024Q2,3257,虹冠電,17.28,,5.24,2.95
2024Q2,3266,昇陽,9.04,,3.72,1.21
2024Q2,3296,勝德,933.33,,,2.28
2024Q2,3305,昇貿,29.83,,2.81,1.98
2024Q2,3308,聯德,,,,1.40
2024Q2,3311,閎暉,22.95,,3.15,0.97
2024Q2,3312,弘憶股,26.39,,1.66,4.12
2024Q2,3321,同泰,,,,3.01
2024Q2,3338,泰碩,20.63,,2.89,3.19
2024Q2,3346,麗清,13.17,,3.97,1.32
2024Q2,3356,奇偶,10.03,,4.80,2.44
2024Q2,3376,新日興,30.75,,2.02,2.37
2024Q2,3380,明泰,39.83,,2.95,1.85
2024Q2,3406,玉晶光,11.39,,2.47,2.45
2024Q2,3413,京鼎,16.49,,3.17,2.83
2024Q2,3416,融程電,22.33,,3.54,3.74
2024Q2,3419,譁裕,,,,1.58
2024Q2,3432,台端,,,,2.73
2024Q2,3437,榮創,,,,1.49
2024Q2,3443,創意,44.61,,1.27,15.69
2024Q2,3447,展達,,,,2.93
2024Q2,3450,聯鈞,299.19,,,6.79
2024Q2,3454,晶睿,41.95,,3.04,3.31
2024Q2,3481,群創,,,,0.63
2024Q2,3494,誠研,,,,2.88
2024Q2,3501,維熹,12.71,,4.35,1.21
2024Q2,3504,揚明光,,,,2.27
2024Q2,3515,華擎,20.80,,3.34,3.10
2024Q2,3518,柏騰,,,,2.25
2024Q2,3528,安馳,17.68,,2.86,1.88
2024Q2,3530,晶相光,,,,3.20
2024Q2,3532,台勝科,23.03,,3.64,2.20
2024Q2,3533,嘉澤,20.77,,1.86,5.05
2024Q2,3535,晶彩科,47.44,,,4.02
2024Q2,3543,州巧,53.00,,4.19,0.78
2024Q2,3545,敦泰,43.47,,1.17,1.93
2024Q2,3550,聯穎,,,,1.42
2024Q2,3557,嘉威,10.82,,4.08,2.30
2024Q2,3563,牧德,92.31,,2.01,4.16
2024Q2,3576,聯合再生,,,,1.73
2024Q2,3583,辛耘,43.36,,0.94,7.43
2024Q2,3588,通嘉,46.68,,0.67,3.14
2024Q2,3591,艾笛森,37.12,,2.04,1.19
2024Q2,3592,瑞鼎,12.85,,4.49,2.30
2024Q2,3593,力銘,,,,3.05
2024Q2,3596,智易,12.23,,4.93,2.14
2024Q2,3605,宏致,672.50,,,1.32
2024Q2,3607,谷崧,148.93,,3.36,1.42
2024Q2,3617,碩天,15.40,,2.48,3.68
2024Q2,3622,洋華,15.26,,2.70,1.61
2024Q2,3645,達邁,47.05,,0.64,2.13
2024Q2,3652,精聯,47.50,,0.88,1.64
2024Q2,3653,健策,66.17,,0.76,14.71
2024Q2,3661,世芯-KY,32.63,,1.14,4.61
2024Q2,3665,貿聯-KY,27.12,,1.90,2.93
2024Q2,3669,圓展,22.36,,2.72,1.32
2024Q2,3673,TPK-KY,32.91,,,0.45
2024Q2,3679,新至陞,12.83,,5.70,1.82
2024Q2,3686,達能,,,,2.61
2024Q2,3694,海華,17.84,,2.29,2.13
2024Q2,3701,大眾控,41.72,,1.75,2.01
2024Q2,3702,大聯大,16.23,,4.67,1.60
2024Q2,3703,欣陸,15.10,,4.87,0.91
2024Q2,3704,合勤控,20.03,,4.03,1.43
2024Q2,3705,永信,15.54,,3.75,2.22
2024Q2,3706,神達,20.00,,2.89,0.90
2024Q2,3708,上緯投控,17.42,,4.83,1.55
2024Q2,3711,日月光投控,20.63,,3.44,2.16
2024Q2,3712,永崴投控,13.40,,3.70,1.29
2024Q2,3714,富采,,,2.03,0.74
2024Q2,3715,定穎投控,16.50,,1.95,2.96
2023Q4,3716,中化控股,,,,
2024Q2,4104,佳醫,17.56,,4.90,1.58
2024Q2,4106,雃博,23.51,,3.07,1.11
2024Q2,4108,懷特,,,,1.85
2024Q2,4119,旭富,77.41,,1.39,2.12
2024Q2,4133,亞諾法,28.07,,2.35,1.43
2024Q2,4137,麗豐-KY,16.45,,6.61,2.40
2024Q2,4142,國光生,,,,2.28
2024Q2,4148,全宇生技-KY,30.76,,2.15,1.30
2024Q2,4155,訊映,74.09,,1.23,1.45
2024Q2,4164,承業醫,26.45,,4.58,1.18
2024Q2,4190,佐登-KY,,,2.02,1.62
2024Q2,4306,炎洲,11.19,,5.09,0.96
2024Q2,4414,如興,,,,0.73
2024Q2,4426,利勤,,,,0.93
2024Q2,4438,廣越,17.94,,4.81,1.46
2024Q2,4439,冠星-KY,20.76,,4.21,1.11
2024Q2,4440,宜新實業,18.71,,3.82,1.36
2024Q2,4526,東台,,,0.58,1.77
2024Q2,4532,瑞智,13.51,,3.88,1.26
2024Q2,4536,拓凱,14.11,,3.91,2.39
2024Q2,4540,全球傳動,,,,1.38
2024Q2,4545,銘鈺,24.89,,1.83,2.16
2024Q2,4551,智伸科,26.63,,1.91,1.84
2024Q2,4552,力達-KY,10.79,,3.92,0.54
2024Q2,4555,氣立,,,1.18,1.04
2024Q2,4557,永新-KY,14.33,,4.69,2.59
2024Q2,4560,強信-KY,27.29,,3.11,1.24
2024Q2,4562,穎漢,,,,5.62
2024Q2,4564,元翎,,,,1.21
2024Q2,4566,時碩工業,25.95,,1.58,2.00
2024Q2,4569,六方科-KY,42.12,,1.89,2.83
2024Q2,4571,鈞興-KY,23.87,,1.77,3.39
2024Q2,4572,駐龍,22.45,,3.15,3.34
2024Q2,4576,大銀微系統,551.67,,0.10,3.15
2024Q2,4581,光隆精密-KY,10.92,,6.32,1.83
2024Q2,4583,台灣精銳,52.60,,1.41,5.85
2024Q2,4588,玖鼎電力,25.79,,3.33,4.70
2024Q2,4720,德淵,14.62,,2.57,1.51
2024Q2,4722,國精化,18.63,,2.13,1.60
2024Q2,4736,泰博,13.21,,6.45,1.72
2024Q2,4737,華廣,,,2.89,2.23
2024Q2,4739,康普,120.80,,1.32,1.30
2024Q2,4746,台耀,46.48,,2.02,1.58
2024Q2,4755,三福化,29.85,,2.55,3.19
2024Q2,4763,材料-KY,10.25,,1.39,5.53
2024Q2,4764,雙鍵,,,,1.77
2024Q2,4766,南寶,13.86,,4.94,2.76
2024Q2,4770,上品,16.02,,3.61,3.56
2024Q2,4771,望隼,19.06,,1.38,4.23
2024Q2,4807,日成-KY,,,,1.25
2024Q2,4904,遠傳,27.99,,3.58,3.88
2024Q2,4906,正文,26.09,,3.86,1.22
2024Q2,4912,聯德控股-KY,14.66,,1.65,1.70
2024Q2,4915,致伸,16.50,,4.42,2.42
2024Q2,4916,事欣科,,,1.40,1.42
2024Q2,4919,新唐,21.21,,3.50,2.33
2024Q2,4927,泰鼎-KY,,,,1.77
2024Q2,4930,燦星網,8.30,,6.82,0.82
2024Q2,4934,太極,,,,2.07
2024Q2,4935,茂林-KY,18.76,,2.11,1.10
2024Q2,4938,和碩,14.88,,3.88,1.39
2024Q2,4942,嘉彰,9.75,,5.16,0.71
2024Q2,4943,康控-KY,,,,7.74
2024Q2,4949,有成精密,,,10.17,1.03
2024Q2,4952,凌通,25.20,,2.25,2.90
2024Q2,4956,光鋐,,,,1.58
2024Q2,4958,臻鼎-KY,14.82,,2.89,1.08
2024Q2,4960,誠美材,,,,0.84
2024Q2,4961,天鈺,15.18,,3.99,1.89
2024Q2,4967,十銓,11.38,,1.54,2.16
2024Q2,4968,立積,716.67,,,7.51
2024Q2,4976,佳凌,,,,2.36
2024Q2,4977,眾達-KY,376.79,,2.09,2.22
2024Q2,4989,榮科,,,,1.48
2024Q2,4994,傳奇,34.83,,3.45,7.18
2024Q2,4999,鑫禾,76.09,,2.86,0.76
2024Q2,5007,三星,15.07,,5.25,2.52
2024Q2,5203,訊連,25.84,,2.94,1.65
2024Q2,5215,科嘉-KY,16.14,,3.07,0.90
2024Q2,5222,全訊,24.07,,2.80,4.71
2024Q2,5225,東科-KY,12.55,,5.02,3.21
2024Q2,5234,達興材料,46.43,,1.70,8.31
2024Q2,5243,乙盛-KY,23.54,,2.48,1.44
2024Q2,5244,弘凱,17.72,,2.73,1.78
2024Q2,5258,虹堡,15.42,,1.40,3.17
2024Q2,5269,祥碩,38.04,,1.15,3.84
2024Q2,5283,禾聯碩,17.71,,7.84,1.83
2024Q2,5284,jpp-KY,62.32,,3.95,3.00
2024Q2,5285,界霖,29.91,,2.92,2.45
2024Q2,5288,豐祥-KY,11.32,,4.04,2.40
2024Q2,5292,華懋,17.70,,3.26,3.97
2024Q2,5306,桂盟,27.50,,2.34,2.34
2024Q2,5388,中磊,12.91,,4.48,2.21
2024Q2,5434,崇越,16.53,,3.55,3.45
2024Q2,5469,瀚宇博,10.17,,3.05,0.86
2024Q2,5471,松翰,34.70,,2.60,2.23
2024Q2,5484,慧友,,,,7.83
2024Q2,5515,建國,11.59,,4.42,1.12
2024Q2,5519,隆大,9.10,,5.65,1.61
2024Q2,5521,工信,,,,1.14
2024Q2,5522,遠雄,13.75,,4.87,1.25
2024Q2,5525,順天,10.43,,5.31,1.83
2024Q2,5531,鄉林,,,,1.04
2024Q2,5533,皇鼎,16.89,,5.59,0.65
2024Q2,5534,長虹,13.40,,5.56,1.53
2024Q2,5538,東明-KY,21.56,,2.53,1.16
2024Q2,5546,永固-KY,,,6.90,1.09
2024Q2,5607,遠雄港,20.63,,3.57,1.61
2024Q2,5608,四維航,,,,0.74
2024Q2,5706,鳳凰,17.03,,4.99,2.83
2024Q2,5871,中租-KY,11.93,,4.10,1.83
2024Q2,5876,上海商銀,17.55,,4.66,1.00
2024Q2,5880,合庫金,21.40,,3.86,1.56
2024Q2,5906,台南-KY,27.94,,3.42,2.46
2024Q2,5907,大洋-KY,,,,0.41
2024Q2,6005,群益證,10.36,,6.14,1.18
2024Q2,6024,群益期,10.58,,6.07,1.68
2024Q2,6108,競國,61.61,,2.90,0.77
2024Q2,6112,邁達特,22.07,,5.85,2.08
2024Q2,6115,鎰勝,16.01,,5.66,1.98
2024Q2,6116,彩晶,,,,0.69
2024Q2,6117,迎廣,26.19,,,5.79
2024Q2,6120,達運,42.14,,0.68,1.06
2024Q2,6128,上福,10.93,,6.89,1.11
2024Q2,6133,金橋,53.41,,,2.17
2024Q2,6136,富爾特,25.49,,5.17,0.67
2024Q2,6139,亞翔,11.81,,4.31,3.97
2024Q2,6141,柏承,,,,1.17
2024Q2,6142,友勁,,,,1.16
2024Q2,6152,百一,166.00,,,1.82
2024Q2,6153,嘉聯益,,,,1.03
2024Q2,6155,鈞寶,30.34,,3.18,1.50
2024Q2,6164,華興,60.43,,,1.22
2024Q2,6165,浪凡,40.69,,1.05,2.15
2024Q2,6166,凌華,1160.00,,1.44,2.95
2024Q2,6168,宏齊,84.07,,2.20,1.52
2024Q2,6176,瑞儀,14.94,,5.14,2.65
2024Q2,6177,達麗,8.61,,7.09,2.45
2024Q2,6183,關貿,24.68,,3.57,4.76
2024Q2,6184,大豐電,15.92,,5.69,1.80
2024Q2,6189,豐藝,13.47,,4.29,3.03
2024Q2,6191,精成科,8.52,,5.46,1.33
2024Q2,6192,巨路,13.26,,4.22,1.74
2024Q2,6196,帆宣,17.34,,3.99,2.78
2024Q2,6197,佳必琪,21.95,,2.59,5.41
2024Q2,6201,亞弘電,12.27,,6.82,1.96
2024Q2,6202,盛群,,,0.83,3.33
2024Q2,6205,詮欣,30.39,,2.13,2.26
2024Q2,6206,飛捷,15.43,,4.71,2.64
2024Q2,6209,今國光,,,1.91,1.53
2024Q2,6213,聯茂,29.96,,1.99,1.35
2024Q2,6214,精誠,18.38,,4.09,2.19
2024Q2,6215,和椿,51.18,,1.54,3.71
2024Q2,6216,居易,20.37,,3.49,2.55
2024Q2,6224,聚鼎,47.11,,2.14,2.31
2024Q2,6225,天瀚,43.33,,,5.02
2024Q2,6226,光鼎,,,,1.02
2024Q2,6230,尼得科超眾,61.14,,0.47,3.29
2024Q2,6235,華孚,18.14,,2.30,3.34
2024Q2,6239,力成,11.25,,5.11,1.92
2024Q2,6243,迅杰,43.80,,2.12,3.09
2024Q2,6257,矽格,14.26,,3.43,1.93
2024Q2,6269,台郡,16.87,,6.36,1.04
2024Q2,6271,同欣電,18.62,,1.71,1.18
2024Q2,6277,宏正,19.65,,5.47,2.00
2024Q2,6278,台表科,10.27,,4.55,1.52
2024Q2,6281,全國電,18.24,,5.36,3.12
2024Q2,6282,康舒,566.67,,1.47,1.27
2024Q2,6283,淳安,,,,2.59
2024Q2,6285,啟碁,13.41,,5.17,1.86
2024Q2,6288,聯嘉,77.78,,0.68,1.78
2024Q2,6405,悅城,,,0.25,1.07
2024Q2,6409,旭隼,50.00,,1.85,23.36
2024Q2,6412,群電,15.45,,4.43,3.99
2024Q2,6414,樺漢,17.03,,3.93,1.72
2024Q2,6415,矽力*-KY,141.82,,0.42,5.47
2024Q2,6416,瑞祺電通,40.77,,1.76,3.47
2024Q2,6423,億而得-創,89.42,,1.08,5.11
2024Q2,6426,統新,,,0.75,2.48
2024Q2,6431,光麗-KY,,,,2.81
2024Q2,6438,迅得,21.51,,3.58,2.70
2024Q2,6442,光聖,61.51,,0.56,9.89
2024Q2,6443,元晶,48.33,,1.62,1.69
2024Q2,6446,藥華藥,159.40,,,8.34
2024Q2,6449,鈺邦,32.42,,1.43,4.17
2024Q2,6451,訊芯-KY,72.63,,1.19,3.35
2024Q2,6456,GIS-KY,,,,0.67
2024Q2,6464,台數科,13.91,,5.41,1.33
2024Q2,6472,保瑞,23.71,,1.60,7.89
2024Q2,6477,安集,,,2.23,1.37
2024Q2,6491,晶碩,18.09,,2.23,3.46
2024Q2,6504,南六,56.06,,1.54,1.43
2024Q2,6505,台塑化,19.03,,3.80,1.54
2024Q2,6515,穎崴,69.96,,0.90,11.13
2024Q2,6525,捷敏-KY,14.67,,5.41,2.00
2024Q2,6526,達發,59.23,,0.78,6.21
2024Q2,6531,愛普*,30.05,,2.31,4.46
2024Q2,6533,晶心科,,,,4.03
2024Q2,6534,正瀚-創,18.18,,5.38,2.82
2024Q2,6541,泰福-KY,,,,7.70
2024Q2,6550,北極星藥業-KY,,,,5.99
2024Q2,6552,易華電,51.68,,0.61,1.43
2024Q2,6558,興能高,167.14,,,1.46
2024Q2,6573,虹揚-KY,,,,2.22
2024Q2,6579,研揚,24.04,,4.31,2.47
2024Q2,6581,鋼聯,17.83,,4.02,2.94
2024Q2,6582,申豐,,,,1.16
2024Q2,6585,鼎基,16.84,,2.39,3.22
2024Q2,6591,動力-KY,16.64,,5.54,1.00
2024Q2,6592,和潤企業,17.49,,4.05,1.83
2024Q2,6598,ABC-KY,,,,3.24
2024Q2,6605,帝寶,14.84,,2.46,2.49
2024Q2,6606,建德工業,27.43,,5.11,1.82
2024Q2,6625,必應,12.44,,5.13,4.77
2024Q2,6641,基士德-KY,16.71,,2.41,1.04
2024Q2,6645,金萬林-創,,,,2.76
2024Q2,6655,科定,30.71,,6.69,4.54
2024Q2,6657,華安,,,,5.86
2024Q2,6658,聯策,65.62,,1.74,2.18
2024Q2,6666,羅麗芬-KY,40.00,,1.97,1.90
2024Q2,6668,中揚光,,,,2.39
2024Q2,6669,緯穎,19.31,,2.45,6.49
2024Q2,6670,復盛應用,13.57,,4.24,3.28
2024Q2,6671,三能-KY,14.29,,5.81,1.56
2024Q2,6672,騰輝電子-KY,11.57,,4.79,1.50
2024Q2,6674,鋐寶科技,,,,1.62
2024Q2,6689,伊雲谷,39.02,,2.02,2.34
2024Q2,6691,洋基工程,15.91,,5.83,5.32
2024Q2,6695,芯鼎,,,,3.35
2024Q2,6698,旭暉應材,,,,2.54
2024Q2,6706,惠特,,,,3.58
2024Q2,6715,嘉基,27.79,,1.92,3.33
2024Q2,6719,力智,98.80,,0.80,1.91
2024Q2,6742,澤米,715.56,,1.86,3.23
2024Q2,6743,安普新,120.38,,0.78,3.49
2024Q2,6753,龍德造船,16.38,,1.30,3.84
2024Q2,6754,匯僑設計,11.33,,4.68,2.28
2024Q2,6756,威鋒電子,68.93,,1.07,4.59
2024Q2,6757,台灣虎航-創,10.26,,,4.61
2024Q2,6768,志強-KY,19.94,,3.60,1.48
2024Q2,6770,力積電,,,,0.97
2024Q2,6771,平和環保-創,14.73,,6.17,2.52
2024Q2,6776,展碁國際,11.92,,6.12,2.31
2024Q2,6781,AES-KY,23.42,,2.32,3.20
2024Q2,6782,視陽,30.24,,0.96,4.94
2024Q2,6789,采鈺,130.63,,0.34,5.43
2024Q2,6790,永豐實,12.27,,6.16,2.39
2024Q2,6792,詠業,21.76,,5.19,2.01
2024Q2,6794,向榮生技-創,,,,6.31
2024Q2,6796,晉弘,114.08,,2.22,3.86
2024Q2,6799,來頡,26.91,,2.48,3.45
2024Q2,6805,富世達,66.27,,0.67,11.84
2024Q2,6806,森崴能源,40.36,,1.06,2.57
2024Q2,6807,峰源-KY,11.38,,3.58,1.77
2024Q2,6830,汎銓,47.20,,2.54,3.45
2024Q2,6834,天二科技,1325.00,,,2.42
2024Q2,6835,圓裕,12.15,,3.94,2.05
2024Q2,6838,台新藥,,,,6.40
2024Q2,6854,錼創科技-KY創,,,,5.53
2024Q2,6861,睿生光電,22.95,,1.62,2.06
2024Q2,6863,永道-KY,33.72,,1.04,3.78
2024Q2,6869,雲豹能源,42.18,,2.21,6.16
2024Q2,6873,泓德能源,35.54,,1.62,4.87
2024Q2,6890,來億-KY,63.20,,1.26,3.93
2024Q2,6901,鑽石投資,,,,2.88
2024Q2,6902,走著瞧-創,,,,10.77
2024Q2,6906,現觀科,48.88,,1.71,6.83
2024Q2,6914,阜爾運通,18.70,,3.16,2.95
2024Q2,6916,華凌,47.69,,4.08,1.56
2024Q2,6923,中台,23.71,,3.19,4.25
2024Q2,6928,攸泰科技,37.03,,1.39,2.85
2024Q2,6933,AMAX-KY,51.47,,1.30,4.59
2024Q2,6937,天虹,46.10,,0.71,6.01
2024Q2,6949,沛爾生醫-創,,,,3.44
2024Q2,6951,青新-創,20.14,,4.00,2.90
2024Q2,6952,大武山,23.36,,2.00,2.00
2024Q2,6957,裕慶-KY,14.71,,5.54,5.24
2024Q2,6958,日盛台駿,26.02,,3.13,1.20
2024Q2,6969,成信實業*-創,,,,7.97
2024Q2,8011,台通,39.54,,,1.44
2024Q2,8016,矽創,14.11,,5.25,2.54
2024Q2,8021,尖點,31.11,,2.28,1.12
2024Q2,8028,昇陽半導體,76.06,,1.43,5.71
2024Q2,8033,雷虎,146.34,,,6.62
2024Q2,8039,台虹,18.04,,2.30,1.42
2024Q2,8046,南電,48.80,,3.86,2.04
2024Q2,8070,長華*,28.03,,4.09,2.43
2024Q2,8072,陞泰,25.84,,2.71,0.99
2024Q2,8081,致新,12.37,,6.24,2.81
2024Q2,8103,瀚荃,16.32,,2.04,1.48
2024Q2,8104,錸寶,,,,1.66
2024Q2,8105,凌巨,62.96,,0.59,0.95
2024Q2,8110,華東,41.55,,1.15,0.84
2024Q2,8112,至上,13.08,,6.13,2.03
2024Q2,8114,振樺電,29.10,,2.24,4.25
2024Q2,8131,福懋科,23.04,,2.47,1.39
2024Q2,8150,南茂,13.99,,4.80,1.11
2024Q2,8162,微矽電子-創,56.45,,1.43,1.76
2024Q2,8163,達方,8.65,,8.06,1.22
2024Q2,8201,無敵,,,,2.26
2024Q2,8210,勤誠,19.68,,1.88,5.28
2024Q2,8213,志超,10.75,,2.59,0.68
2024Q2,8215,明基材,30.05,,3.88,1.78
2024Q2,8222,寶一,32.08,,0.78,3.05
2024Q2,8249,菱光,38.85,,1.79,1.59
2024Q2,8261,富鼎,22.94,,3.01,1.86
2024Q2,8271,宇瞻,13.11,,6.02,1.52
2024Q2,8341,日友,28.31,,4.12,2.43
2024Q2,8367,建新國際,15.09,,4.71,1.55
2024Q2,8374,羅昇,,,0.22,7.99
2024Q2,8404,百和興業-KY,,,,1.44
2024Q2,8411,福貞-KY,44.84,,0.56,0.53
2024Q2,8422,可寧衛,22.62,,5.41,3.55
2024Q2,8429,金麗-KY,,,,0.33
2024Q2,8438,昶昕,21.59,,2.17,1.66
2024Q2,8442,威宏-KY,9.60,,4.72,2.19
2024Q2,8443,阿瘦,,,,0.97
2024Q2,8454,富邦媒,26.50,,3.76,11.36
2024Q2,8462,柏文,41.23,,1.66,5.69
2024Q2,8463,潤泰材,28.43,,2.24,1.84
2024Q2,8464,億豐,24.09,,2.35,6.20
2024Q2,8466,美吉吉-KY,162.78,,0.51,1.47
2024Q2,8467,波力-KY,28.42,,,5.86
2024Q2,8473,山林水,32.19,,0.73,1.22
2024Q2,8476,台境,15.07,,4.39,2.34
2024Q2,8478,東哥遊艇,12.71,,4.11,4.13
2024Q2,8481,政伸,24.81,,3.91,2.16
2024Q2,8482,商億-KY,20.60,,3.36,2.15
2024Q2,8487,愛爾達-創,15.82,,6.16,3.41
2024Q2,8488,吉源-KY,,,,0.47
2024Q2,8499,鼎炫-KY,12.72,,3.43,0.61
2024Q2,8926,台汽電,32.83,,4.26,2.24
2024Q2,8940,新天地,49.89,,,2.21
2024Q2,8996,高力,69.51,,0.97,12.81
2024Q2,9802,鈺齊-KY,21.64,,4.03,1.84
2024Q2,9902,台火,26.23,,1.57,1.47
2024Q2,9904,寶成,7.50,,3.04,0.77
2024Q2,9905,大華,15.26,,4.74,0.92
2024Q2,9906,欣巴巴,163.74,,3.60,11.70
2024Q2,9907,統一實,38.07,,1.79,1.34
2024Q2,9908,大台北,14.66,,3.93,1.13
2024Q2,9910,豐泰,26.17,,2.76,6.68
2024Q2,9911,櫻花,14.52,,4.42,3.23
2024Q2,9912,偉聯,,,,1.48
2024Q2,9914,美利達,45.10,,2.61,3.28
2024Q2,9917,中保科,22.26,,3.77,5.25
2024Q2,9918,欣天然,18.09,,3.64,2.31
2024Q2,9919,康那香,4.84,,1.51,1.40
2024Q2,9921,巨大,28.75,,2.23,2.57
2024Q2,9924,福興,9.73,,5.26,1.54
2024Q2,9925,新保,17.64,,4.78,1.42
2024Q2,9926,新海,20.72,,3.66,2.46
2024Q2,9927,泰銘,10.10,,7.45,1.89
2024Q2,9928,中視,45.34,,,0.57
2024Q2,9929,秋雨,,,,1.92
2024Q2,9930,中聯資源,16.23,,4.53,2.81
2024Q2,9931,欣高,16.27,,2.90,1.47
2024Q2,9933,中鼎,18.12,,4.33,2.14
2024Q2,9934,成霖,9.81,,6.76,1.17
2024Q2,9935,慶豐富,19.16,,1.52,2.36
2024Q2,9937,全國,25.96,,3.17,3.86
2024Q2,9938,百和,20.62,,1.37,1.76
2024Q2,9939,宏全,16.43,,3.28,2.90
2024Q2,9940,信義,11.97,,5.22,1.75
2024Q2,9941,裕融,18.17,,4.04,2.72
2024Q2,9942,茂順,11.29,,6.11,2.52
2024Q2,9943,好樂迪,15.23,,6.24,2.76
2024Q2,9944,新麗,60.00,,2.94,0.60
2024Q2,9945,潤泰新,10.07,,3.06,1.34
2024Q2,9946,三發地產,38.85,,2.43,1.41
2024Q2,9955,佳龍,,,,2.98
2024Q2,9958,世紀鋼,28.79,,1.31,4.56
1150205,1240,茂生農經,12.03,3.40000000,5.62,1.84
1150205,1259,安心,70.47,1.20000000,1.98,0.62
1150205,1264,德麥,13.45,14.50000000,5.18,3.01
1150205,1268,漢來美食,16.08,7.50000000,4.66,3.07
1150205,1294,漢田生技,18.50,4.13823039,5.24,3.02
1150205,1295,生合,17.27,3.50000000,4.49,2.11
1150205,1336,台翰,13.35,0.94500000,6.00,0.69
1150205,1565,精華,10.42,9.50000000,8.15,0.92
1150205,1569,濱川,N/A,0,0.00,2.58
1150205,1570,力肯,27.72,1.30000000,4.04,1.65
1150205,1580,新麥,9.93,9.16252783,7.08,2.18
1150205,1584,精剛,223.64,0.70000000,2.85,1.19
1150205,1586,和勤,N/A,0.30000000,1.21,1.37
1150205,1591,駿吉-KY,N/A,0,0.00,3.92
1150205,1593,祺驊,14.72,1.60000000,5.52,0.90
1150205,1595,川寶,N/A,0.50100369,1.20,0.83
1150205,1599,宏佳騰,N/A,0.50694167,1.91,0.99
1150205,1742,台蠟,N/A,0,0.00,1.19
1150205,1777,生泰,12.38,5.30000000,7.32,1.29
1150205,1781,合世,N/A,0,0.00,1.83
1150205,1784,訊聯,72.14,1.41629441,1.50,3.78
1150205,1785,光洋科,25.23,2.00016442,3.37,2.58
1150205,1788,杏昌,17.37,7.00000000,5.13,2.05
1150205,1796,金穎生技,113.59,0,0.00,2.29
1150205,1799,易威,N/A,0,0.00,6.05
1150205,1813,寶利徠,N/A,0,0.00,0.91
1150205,1815,富喬,88.24,0,0.00,6.19
1150205,2035,唐榮,N/A,0,0.00,3.99
1150205,2061,風青,N/A,0,0.00,1.81
1150205,2063,世鎧,15.03,2.00000000,7.60,1.38
1150205,2064,晉椿,N/A,0,0.00,0.91
1150205,2065,世豐,34.21,3.03200675,9.33,1.19
1150205,2066,世德,35.97,3.01706674,5.82,1.08
1150205,2067,嘉鋼,N/A,0,0.00,1.77
1150205,2070,精湛,20.72,1.50000000,3.73,1.57
1150205,2073,雄順,N/A,0.70000000,2.78,1.67
1150205,2221,大甲,12.52,1.30000000,4.33,1.22
1150205,2230,泰茂,134.60,3.00000000,3.54,4.77
1150205,2235,謚源,29.15,3.00000000,8.37,1.05
1150205,2596,綠意,17.24,1.00000000,2.86,1.73
1150205,2640,大車隊,13.68,7.00000000,5.67,3.58
1150205,2641,正德,10.45,0.49064449,2.47,0.85
1150205,2643,捷迅,11.08,4.50000000,6.19,1.34
1150205,2718,全心投控,3.00,3.01303943,6.18,0.69
1150205,2719,燦星旅,N/A,0,0.00,3.12
1150205,2724,藝舍-KY,N/A,0,0.00,2.72
1150205,2726,雅茗-KY,N/A,0,0.00,1.21
1150205,2729,瓦城,22.19,9.09460002,5.29,3.03
1150205,2732,六角,75.91,4.99978070,7.48,1.77
1150205,2734,易飛網,N/A,0,0.00,1.68
1150205,2736,富野,N/A,0,0.00,0.85
1150205,2740,天蔥,N/A,0,0.00,7.68
1150205,2743,山富,17.25,5.00000000,5.99,3.28
1150205,2745,五福,12.23,6.50000000,6.05,3.99
1150205,2751,王座,13.56,4.50000000,7.58,2.87
1150205,2752,豆府,13.19,14.00000000,6.78,4.29
1150205,2754,亞洲藏壽司,36.28,0.79989758,1.03,2.11
1150205,2755,揚秦,19.58,4.94368517,4.24,4.41
1150205,2756,聯發國際,24.70,2.50000000,3.19,3.54
1150205,2916,滿心,11.39,3.60000000,7.71,1.98
1150205,2924,宏太-KY,N/A,0,0.00,1.97
1150205,2926,誠品生活,45.29,0.20000000,0.52,3.09
1150205,2937,集雅社,11.28,3.00000000,6.82,1.85
1150205,2941,米斯特,14.84,3.20000000,7.67,1.80
1150205,2947,振宇五金,24.25,3.10000000,3.85,2.15
1150205,2948,寶陞,18.14,2.15333333,5.40,1.24
1150205,2949,欣新網,19.26,3.10000000,4.78,1.87
1150205,3064,泰偉,N/A,0,0.00,8.22
1150205,3066,李洲,N/A,0,0.00,1.23
1150205,3067,全域,N/A,0,0.00,1.47
1150205,3071,協禧,28.12,0.81000000,3.39,1.90
1150205,3073,天方能源,605.00,0.65000023,2.15,1.72
1150205,3078,僑威,9.62,4.00000000,6.40,2.05
1150205,3081,聯亞,219.96,4.00000000,0.39,22.63
1150205,3083,網龍,3300.00,0,0.00,2.26
1150205,3085,新零售,N/A,0,0.00,2.20
1150205,3086,華義,N/A,0.65000021,0.29,19.13
1150205,3088,艾訊,16.76,4.33210719,5.30,1.80
1150205,3093,港建*,16.36,1.08000000,1.04,3.56
1150205,3095,及成,N/A,0,0.00,3.35
1150205,3105,穩懋,324.32,1.00000000,0.42,2.58
1150205,3114,好德,11.03,1.20000000,4.65,1.10
1150205,3115,富榮綱,N/A,0,0.00,1.49
1150205,3118,進階,13.21,1.80000000,5.47,1.90
1150205,3122,笙泉,N/A,0,0.00,2.94
1150205,3128,昇銳,17.92,1.16889923,4.38,1.66
1150205,3131,弘塑,45.27,22.00000000,1.40,9.28
1150205,3141,晶宏,123.51,0.51326916,1.12,1.39
1150205,3147,大綜,13.99,6.20000000,3.76,4.48
1150205,3152,璟德,16.19,4.02000000,2.64,2.61
1150205,3158,嘉實,12.66,6.00000000,6.74,3.79
1150205,3162,精確,23.77,0.50090428,0.86,2.57
1150205,3163,波若威,91.83,3.00000000,0.64,13.51
1150205,3169,亞信,25.55,3.00000000,3.13,3.43
1150205,3171,炎洲流通,12.00,3.00000000,6.25,2.21
1150205,3176,基亞,N/A,0,0.00,2.72
1150205,3178,公準,2905.00,0.50000000,0.86,2.20
1150205,3188,鑫龍騰,9.39,1.80000000,6.10,1.81
1150205,3191,雲嘉南,34.67,0,0.00,2.68
1150205,3205,佰研,N/A,0,0.00,3.08
1150205,3206,志豐,15.41,2.50000000,7.87,1.27
1150205,3207,耀勝,N/A,0,0.00,2.54
1150205,3211,順達,40.87,12.49778000,4.14,4.99
1150205,3213,茂訊,12.66,6.00000000,6.10,1.44
1150205,3217,優群,12.37,8.81300861,5.69,3.12
1150205,3218,大學光,12.23,7.50000000,5.26,3.25
1150205,3219,倚強科,44.07,0.26546999,0.45,3.08
1150205,3221,台嘉碩,1545.00,0.90038463,2.91,1.62
1150205,3224,三顧,N/A,0,0.00,2.95
1150205,3226,龍鋒,58.68,0.50000000,0.94,1.87
1150205,3227,原相,15.06,10.00179460,5.21,2.48
1150205,3228,金麗科,N/A,0,0.00,12.89
1150205,3230,錦明,N/A,0.35204652,1.03,3.01
1150205,3232,昱捷,80.54,0.50000000,2.22,1.52
1150205,3234,光環,N/A,0,0.00,9.37
1150205,3236,千如,118.96,0.35000000,1.23,2.01
1150205,3252,海灣,N/A,0,0.00,0.48
1150205,3259,鑫創,N/A,0,0.00,2.93
1150205,3260,威剛,31.31,5.12248821,1.54,5.62
1150205,3264,欣銓,29.78,4.00000000,2.70,3.84
1150205,3265,台星科,25.76,4.60000000,3.38,3.07
1150205,3268,海德威,N/A,0,0.00,1.18
1150205,3272,東碩,N/A,0,0.00,1.16
1150205,3276,宇環,83.24,0.02000000,0.14,1.27
1150205,3284,太普高,16.75,2.00000000,9.95,1.53
1150205,3285,微端,39.03,1.00000000,3.33,2.21
1150205,3287,廣寰科,35.06,1.50000000,5.03,2.32
1150205,3288,點晶,812.50,0,0.00,2.46
1150205,3289,宜特,24.91,4.29460546,3.18,2.88
1150205,3290,東浦,22.63,0,0.00,2.21
1150205,3293,鈊象,18.42,29.00000000,4.25,11.94
1150205,3294,英濟,N/A,0.38000000,1.03,2.29
1150205,3297,杭特,98.46,0,0.00,2.37
1150205,3303,岱稜,10.24,2.76628774,6.10,1.84
1150205,3306,鼎天,19.33,2.10000000,4.44,0.69
1150205,3310,佳穎,22.78,2.88715564,4.05,2.90
1150205,3313,斐成,N/A,0,0.00,1.34
1150205,3317,尼克森,19.71,1.51111111,3.15,1.34
1150205,3322,建舜電,N/A,0,0.00,1.28
1150205,3323,加百裕,N/A,0.49998392,1.19,1.65
1150205,3324,雙鴻,43.59,9.99865134,1.00,9.34
1150205,3325,旭品,N/A,0,0.00,1.66
1150205,3332,幸康,18.21,1.10000000,1.80,1.68
1150205,3339,泰谷,N/A,0,0.00,2.47
1150205,3349,寶德,N/A,0,0.00,3.67
1150205,3354,律勝,N/A,0.20000000,0.83,2.13
1150205,3357,臺慶科,14.53,5.00000000,3.37,2.01
1150205,3360,尚立,N/A,0,0.00,1.38
1150205,3362,先進光,N/A,0.99891700,0.99,3.95
1150205,3363,上詮,6207.14,0,0.00,17.58
1150205,3372,典範,N/A,0,0.00,2.35
1150205,3373,熱映,N/A,1.00000000,5.42,1.11
1150205,3374,精材,32.16,2.50000000,1.56,4.46
1150205,3379,彬台,33.56,0.80000000,1.77,2.86
1150205,3388,崇越電,14.95,3.50000000,5.63,1.04
1150205,3390,旭軟,N/A,1.00000000,4.42,1.26
1150205,3402,漢科,16.13,5.00000000,3.97,4.36
1150205,3426,台興,14.72,2.50000000,5.57,1.66
1150205,3430,奇鈦科,20.57,2.50000000,3.66,2.10
1150205,3434,哲固,49.67,1.28513232,4.24,2.18
1150205,3438,類比科,60.94,1.50000000,3.08,1.07
1150205,3441,聯一光,34.13,0.75000000,2.11,1.86
1150205,3444,利機,27.46,2.00000000,2.99,2.90
1150205,3455,由田,23.84,4.50000000,3.98,2.74
1150205,3465,進泰電子,56.25,1.00000000,2.12,2.19
1150205,3466,德晉,N/A,0,0.00,2.05
1150205,3467,台灣精材,59.85,0.81609488,2.01,2.15
1150205,3479,安勤,12.53,5.20000000,5.83,1.99
1150205,3483,力致,16.13,5.00000000,5.72,1.81
1150205,3484,崧騰,11.19,2.44417780,4.83,1.30
1150205,3489,森寶,N/A,0.50000000,2.49,1.51
1150205,3490,單井,N/A,1.00000000,4.12,1.06
1150205,3491,昇達科,185.78,6.48854346,0.51,31.52
1150205,3492,長盛,12.81,1.00000000,3.98,1.42
1150205,3498,陽程,N/A,0,0.00,1.41
1150205,3499,環天科,N/A,0,0.00,2.15
1150205,3508,位速,N/A,0,0.00,6.76
1150205,3511,矽瑪,N/A,0,0.00,1.30
1150205,3512,皇龍,20.66,1.20000000,5.87,0.94
1150205,3516,亞帝歐,153.85,0.25000000,1.25,0.81
1150205,3520,華盈,166.11,0.10000000,0.67,1.30
1150205,3521,台鋼建設,N/A,0,0.00,1.60
1150205,3522,御嵿,N/A,0,0.00,2.78
1150205,3523,迎輝,N/A,0,0.00,2.72
1150205,3526,凡甲,15.08,16.46122845,6.36,4.60
1150205,3527,聚積,N/A,2.00000000,3.62,1.08
1150205,3529,力旺,71.94,21.99712000,1.23,40.90
1150205,3531,先益,48.64,0.80000000,3.74,0.74
1150205,3537,堡達,20.84,2.30000000,5.04,2.15
1150205,3540,曜越,253.75,0,0.00,1.29
1150205,3541,西柏,N/A,0,0.00,2.03
1150205,3546,宇峻,31.05,5.10000004,6.90,3.01
1150205,3548,兆利,25.54,2.25000000,2.65,0.98
1150205,3551,世禾,22.90,3.40000000,1.92,2.57
1150205,3552,同致,88.83,1.20000000,2.25,1.24
1150205,3555,博士旺,N/A,0,0.00,9.59
1150205,3556,禾瑞亞,23.90,2.08000000,4.78,2.47
1150205,3558,神準,20.35,3.00000000,2.23,1.31
1150205,3564,其陽,62.93,0.89000000,1.89,2.03
1150205,3567,逸昌,26.22,1.80000000,6.19,1.75
1150205,3570,大塚,11.81,9.00000000,5.23,2.85
1150205,3577,泓格,31.87,1.50000000,2.44,2.94
1150205,3580,友威科,33.01,3.00000000,4.35,2.74
1150205,3581,博磊,95.89,0.50000000,0.71,4.26
1150205,3587,閎康,34.44,6.93907270,3.18,3.20
1150205,3594,磐儀,65.85,0.79910254,2.06,1.73
1150205,3597,映興,36.64,0.85000000,3.46,1.70
1150205,3609,三一東林,5.89,0,0.00,2.46
1150205,3611,鼎翰,11.52,9.98075290,5.17,1.83
1150205,3615,安可,121.36,0.30000000,1.12,0.81
1150205,3623,富晶通,N/A,0,0.00,2.14
1150205,3624,光頡,33.11,1.23000000,2.31,1.86
1150205,3625,西勝,N/A,0,0.00,3.74
1150205,3628,盈正,14.97,2.00000000,3.12,1.67
1150205,3629,地心引力,N/A,0,0.00,14.08
1150205,3630,新鉅科,23.83,0,0.00,2.36
1150205,3631,晟楠,N/A,0,0.00,2.02
1150205,3632,研勤,N/A,0,0.00,3.25
1150205,3646,艾恩特,41.42,1.65000000,6.64,2.03
1150205,3663,鑫科,448.57,0.40000000,0.64,3.81
1150205,3664,安瑞-KY,1510.00,0,0.00,2.88
1150205,3666,光耀,N/A,0,0.00,2.78
1150205,3672,康聯訊,N/A,0,0.00,1.36
1150205,3675,德微,43.66,5.15000000,3.40,3.33
1150205,3680,家登,58.13,8.89613173,2.22,3.94
1150205,3684,榮昌,14.77,2.30000000,4.27,2.41
1150205,3685,元創精密,N/A,0,0.00,4.09
1150205,3687,歐買尬,14.85,1.56299494,2.09,1.45
1150205,3689,湧德,15.09,2.92190981,2.59,2.24
1150205,3691,碩禾,N/A,0,0.00,1.83
1150205,3693,營邦,24.38,11.00000000,2.54,3.66
1150205,3707,漢磊,N/A,0,0.00,3.01
1150205,3709,鑫聯大投控,14.59,1.00000000,1.59,2.51
1150205,3710,連展投控,N/A,0,0.00,1.42
1150205,3713,新晶投控,N/A,0,0.00,2.34
1150205,4102,永日,N/A,1.15000000,5.76,1.44
1150205,4105,東洋,11.81,4.20000000,4.94,3.08
1150205,4107,邦特,16.06,5.00000000,4.17,2.42
1150205,4109,加捷生醫,468.33,0.50000000,3.56,1.01
1150205,4111,濟生,10.74,1.50000000,5.06,1.33
1150205,4113,聯上,158.46,0.85000000,4.13,1.11
1150205,4114,健喬,21.52,1.59757752,4.92,1.88
1150205,4116,明基醫,22.25,1.65000000,3.84,1.75
1150205,4120,友華,N/A,1.00000000,2.22,0.57
1150205,4121,優盛,N/A,0,0.00,1.09
1150205,4123,晟德,16.16,1.26732178,3.20,1.43
1150205,4126,太醫,14.45,5.00000000,6.23,2.03
1150205,4127,天良,N/A,0,0.00,3.72
1150205,4128,中天,N/A,0,0.00,1.24
1150205,4129,聯合,19.16,4.00000000,3.64,2.70
1150205,4130,健亞,314.50,0,0.00,2.60
1150205,4131,浩泰,N/A,0,0.00,5.31
1150205,4138,曜亞,13.60,5.15000000,8.63,1.49
1150205,4139,馬光-KY,N/A,0,0.00,2.26
1150205,4147,中裕,N/A,0,0.00,3.91
1150205,4153,鈺緯,23.78,2.00000000,5.88,2.00
1150205,4154,樂威科-KY,N/A,0,0.00,2.07
1150205,4157,太景*-KY,N/A,0,0.00,10.08
1150205,4160,訊聯基因,104.00,1.84733387,3.55,2.67
1150205,4161,聿新科,20.89,1.60045336,6.23,1.63
1150205,4162,智擎,5.61,6.00000000,9.30,1.93
1150205,4163,鐿鈦,19.08,3.50000000,3.74,1.78
1150205,4166,友霖,49.91,0,0.00,2.60
1150205,4167,松瑞藥,12.78,0.40896135,2.00,1.72
1150205,4168,醣聯,N/A,0,0.00,2.99
1150205,4171,瑞基,N/A,0,0.00,2.15
1150205,4173,久裕,15.97,1.18820221,5.55,0.81
1150205,4174,浩鼎,N/A,0,0.00,2.96
1150205,4175,杏一,15.04,1.60000000,2.76,1.64
1150205,4183,福永生技,N/A,0.67000000,4.16,1.35
1150205,4188,安克,N/A,0,0.00,1.69
1150205,4192,杏國,N/A,0,0.00,3.07
1150205,4198,欣大健康,N/A,0,0.00,3.38
1150205,4205,中華食,18.49,3.00000000,3.84,3.45
1150205,4207,環泰,11.66,1.00000000,5.26,1.39
1150205,4303,信立,3.72,3.00000000,5.12,1.63
1150205,4304,勝昱,N/A,0,0.00,354.38
1150205,4305,世坤,11.37,3.20000000,7.58,1.96
1150205,4401,東隆興,19.58,0.70000000,4.31,0.75
1150205,4402,郡都開發,196.50,0,0.00,2.23
1150205,4406,新昕纖,N/A,0,0.00,0.96
1150205,4413,飛寶企業,N/A,0.20000000,1.11,1.74
1150205,4416,三圓,N/A,1.00000000,3.47,1.27
1150205,4417,金洲,8.56,2.80000000,5.34,1.47
1150205,4419,皇家美食,N/A,0,0.00,7.32
1150205,4420,光明,8.40,21.50000000,42.16,1.38
1150205,4430,耀億,N/A,0.50000000,2.72,0.62
1150205,4432,銘旺實,13.64,1.00000000,6.06,0.60
1150205,4433,興采,440.00,1.00000000,4.55,0.72
1150205,4442,竣邦-KY,11.88,2.47439604,4.40,2.33
1150205,4502,健信,N/A,0,0.00,1.54
1150205,4503,金雨,125.48,0,0.00,1.95
1150205,4506,崇友,17.37,4.50000000,4.04,3.53
1150205,4510,高鋒,N/A,0.79362311,1.66,2.83
1150205,4513,福裕,N/A,0,0.00,1.79
1150205,4523,永彰,1.33,0,0.00,0.86
1150205,4527,方土霖,15.45,3.20000000,7.73,1.95
1150205,4528,江興鍛,N/A,0.20000000,1.01,0.79
1150205,4529,淳紳,N/A,0,0.00,0.93
1150205,4530,宏易,N/A,0,0.00,3.35
1150205,4533,協易機,84.63,1.20000000,3.55,2.18
1150205,4534,慶騰,N/A,0,0.00,3.05
1150205,4535,至興,17.82,1.60000000,5.51,0.91
1150205,4538,大詠城,N/A,0.40000000,2.24,1.22
1150205,4541,晟田,25.88,0.75000000,1.76,1.76
1150205,4542,科嶠,185.71,0.99889513,0.77,6.52
1150205,4543,萬在,102.00,1.00000000,3.27,1.04
1150205,4549,桓達,27.47,4.30000000,4.17,3.18
1150205,4550,長佳,10.73,2.00000000,7.55,1.09
1150205,4554,橙的,16.30,1.65000000,6.13,1.45
1150205,4556,旭然,43.05,0.30000000,1.09,1.50
1150205,4558,寶緯,N/A,0.50000000,2.59,1.10
1150205,4561,健椿,63.24,1.20000000,2.79,1.87
1150205,4563,百德,37.99,3.00000000,5.68,1.95
1150205,4568,科際精密,25.49,2.00290073,4.85,1.25
1150205,4577,達航科技,N/A,0,0.00,3.07
1150205,4580,捷流閥業,12.85,5.00171702,6.17,1.42
1150205,4584,君帆,12.97,2.20000000,4.89,1.35
1150205,4609,唐鋒,N/A,0,0.00,1.84
1150205,4702,中美實,18.17,0,0.00,0.57
1150205,4706,大恭,160.53,0.70000000,2.30,1.66
1150205,4707,磐亞,11.61,0.25000000,2.48,0.68
1150205,4711,永純,75.50,0.50000000,3.31,0.91
1150205,4714,永捷,28.79,0.19954966,1.19,1.27
1150205,4716,大立,N/A,0.75000000,4.95,1.26
1150205,4721,美琪瑪,22.84,2.36000000,3.66,3.86
1150205,4726,永昕,N/A,0,0.00,4.22
1150205,4728,雙美,29.56,11.60000000,2.98,14.67
1150205,4729,熒茂,69.68,0.50000000,2.31,1.65
1150205,4735,豪展,15.92,1.25000000,3.79,1.30
1150205,4741,泓瀚,39.81,1.80000000,8.37,0.83
1150205,4743,合一,N/A,0,0.00,2.76
1150205,4744,皇將,14.71,0.40000000,1.33,1.38
1150205,4745,合富-KY,N/A,0,0.00,0.66
1150205,4747,強生,33.76,1.75000000,3.05,1.51
1150205,4749,新應材,82.33,5.98896831,0.71,8.85
1150205,4754,國碳科,13.06,2.00000000,5.21,2.21
1150205,4760,勤凱,27.32,0.50000000,0.29,5.80
1150205,4767,誠泰科技,20.24,1.80000000,7.00,0.91
1150205,4768,晶呈科技,980.49,4.50000000,1.12,12.98
1150205,4772,台特化,88.10,2.00000000,0.64,13.91
1150205,4804,大略-KY,N/A,0,0.00,4.69
1150205,4806,桂田文創,N/A,0,0.00,1.52
1150205,4903,聯光通,69.41,0.30000000,0.73,3.92
1150205,4905,台聯電,23.33,1.50000000,2.38,0.65
1150205,4907,富宇,24.71,1.80000000,4.29,1.99
1150205,4908,前鼎,31.69,1.75000000,2.27,3.60
1150205,4909,新復興,230.42,6.00000000,10.85,2.05
1150205,4911,德英,18.53,1.55690930,3.73,2.95
1150205,4923,力士,N/A,0,0.00,2.45
1150205,4924,欣厚-KY,38.75,0,0.00,1.15
1150205,4931,新盛力,63.64,2.00193644,1.36,8.56
1150205,4933,友輝,9.96,5.98990140,10.62,1.30
1150205,4939,亞電,N/A,0.50000000,1.47,2.57
1150205,4946,辣椒,1160.00,0,0.00,14.99
1150205,4950,金耘國際,N/A,0,0.00,2.02
1150205,4951,精拓科,14.88,3.20000000,4.51,2.66
1150205,4953,緯軟,17.55,3.99005739,3.42,2.23
1150205,4966,譜瑞-KY,14.52,16.47093663,3.16,1.90
1150205,4971,IET-KY,N/A,0,0.00,8.14
1150205,4972,湯石照明,N/A,0.80000000,4.43,0.73
1150205,4973,廣穎,N/A,1.00000000,2.31,1.39
1150205,4974,亞泰,12.46,5.45000000,7.17,1.77
1150205,4979,華星光,66.32,1.54463283,0.48,12.19
1150205,4987,科誠,13.12,5.20000000,6.51,2.16
1150205,4991,環宇-KY,N/A,0,0.00,11.15
1150205,4995,晶達,21.85,3.99848827,9.95,1.92
1150205,5009,榮剛,18.86,2.60000000,7.66,1.12
1150205,5011,久陽,N/A,0.19999169,1.68,0.58
1150205,5013,強新,22.22,0.80000000,2.67,1.10
1150205,5014,建錩,N/A,0.30338525,2.66,0.80
1150205,5015,華祺,31.20,2.30000000,8.01,1.49
1150205,5016,松和,18.22,1.20000000,4.77,0.86
1150205,5201,凱衛,32.24,1.35000000,3.30,3.06
1150205,5202,力新,N/A,0.50000000,3.36,1.15
1150205,5205,中茂,N/A,0,0.00,3.81
1150205,5206,坤悅,8.66,1.50000000,4.98,1.38
1150205,5209,新鼎,11.97,11.33032047,6.51,4.85
1150205,5210,寶碩,32.58,0,0.00,2.27
1150205,5211,蒙恬,N/A,0,0.00,2.37
1150205,5212,凌網,13.68,3.50000000,6.73,3.08
1150205,5213,亞昕,7.78,1.50755705,6.19,1.18
1150205,5220,萬達光電,N/A,0.50000000,2.72,0.98
1150205,5223,安力-KY,255.00,0,0.00,0.66
1150205,5227,立凱-KY,10.38,0,0.00,2.46
1150205,5228,鈺鎧,N/A,0,0.00,1.78
1150205,5230,雷笛克光學,N/A,0.51248733,2.88,0.82
1150205,5236,凌陽創新,14.53,8.00000000,6.53,2.90
1150205,5245,智晶,N/A,0,0.00,1.76
1150205,5251,天鉞電,331.50,0,0.00,2.87
1150205,5263,智崴,N/A,0.93996560,0.90,2.09
1150205,5272,笙科,N/A,0,0.00,1.30
1150205,5274,信驊,93.97,52.00000000,0.57,54.20
1150205,5276,達輝-KY,15.15,0.60000000,3.85,1.33
1150205,5278,尚凡*,29.89,0.79901760,0.28,2.25
1150205,5287,數字,12.81,10.46000000,6.26,4.48
1150205,5289,宜鼎,52.42,9.57675344,1.21,9.50
1150205,5291,邑昇,123.33,0,0.00,1.59
1150205,5299,杰力,16.78,4.15000000,5.57,1.19
1150205,5301,寶得利,N/A,0,0.00,1.37
1150205,5302,太欣,N/A,0,0.00,1.43
1150205,5309,系統電,321.43,0.70072962,1.04,3.69
1150205,5310,天剛,43.10,0,0.00,2.53
1150205,5312,寶島科,14.21,7.50000000,7.61,1.70
1150205,5314,世紀*,29.58,0.27436643,0.01,27.38
1150205,5315,光聯,13.29,1.50000000,5.94,1.60
1150205,5321,美而快,45.71,0,0.00,1.97
1150205,5324,士開,40.19,0,0.00,1.70
1150205,5328,華容,54.48,0.60000000,2.29,2.55
1150205,5340,建榮,105.61,0.20000000,0.18,9.96
1150205,5344,立衛,N/A,0,0.00,2.33
1150205,5345,馥鴻,N/A,0,0.00,4.08
1150205,5347,世界,26.46,4.50000000,3.96,3.48
1150205,5348,正能量智能,N/A,0,0.00,2.10
1150205,5351,鈺創,N/A,0,0.00,4.97
1150205,5353,台林,18.04,1.30000000,5.15,1.38
1150205,5355,佳總,N/A,0,0.00,1.50
1150205,5356,協益,49.61,2.30000000,9.09,0.61
1150205,5364,力麗店,N/A,0,0.00,1.11
1150205,5371,中光電,91.08,1.50000000,1.77,1.50
1150205,5381,合正,27.19,0,0.00,2.87
1150205,5386,青雲,24.29,1.96846555,1.77,5.52
1150205,5392,能率,N/A,0.65000000,1.50,1.39
1150205,5398,慕康生醫,80.38,0,0.00,1.92
1150205,5403,中菲,13.15,6.50284321,5.86,3.26
1150205,5410,國眾,13.14,1.49762969,4.98,1.86
1150205,5425,台半,35.46,2.02303391,3.28,2.13
1150205,5426,振發,26.88,0.50000000,2.58,1.27
1150205,5432,新門,106.29,1.00000000,0.66,8.34
1150205,5438,東友,26.45,0.65000000,2.96,0.70
1150205,5439,高技,29.03,2.20000000,0.72,7.98
1150205,5443,均豪,41.22,2.00000000,2.28,2.00
1150205,5450,南良,35.88,0.50000000,3.48,1.03
1150205,5452,佶優,61.12,0.25169189,0.84,2.15
1150205,5455,昇益,4.08,0,0.00,1.34
1150205,5457,宣德,17.88,1.30032724,3.50,1.42
1150205,5460,同協,N/A,0,0.00,1.31
1150205,5464,霖宏,N/A,1.00000000,3.85,1.64
1150205,5465,富驊,16.18,1.80000000,5.95,1.95
1150205,5468,凱鈺,N/A,0,0.00,2.39
1150205,5474,聰泰,23.97,4.00000000,2.65,3.06
1150205,5475,德宏,N/A,0,0.00,20.15
1150205,5478,智冠,14.83,7.50000000,7.25,1.76
1150205,5481,新華,N/A,0,0.00,1.25
1150205,5483,中美晶,24.57,6.50000000,5.70,1.48
1150205,5487,通泰,N/A,0,0.00,1.32
1150205,5488,松普,N/A,0,0.00,1.00
1150205,5489,彩富,19.35,1.81781220,4.35,1.84
1150205,5490,同亨,17.95,0.35000000,1.35,1.86
1150205,5493,三聯,19.84,2.60000000,3.05,1.92
1150205,5498,凱崴,N/A,0.14935198,0.25,6.14
1150205,5508,永信建,16.29,14.50000000,24.25,2.36
1150205,5511,德昌,8.21,3.80000000,5.63,1.20
1150205,5512,力麒,66.75,0.18000000,2.25,0.45
1150205,5514,三豐,41.58,0.40000000,2.53,1.15
1150205,5516,雙喜,N/A,0,0.00,1.79
1150205,5520,力泰,8.67,5.50000000,6.26,1.86
1150205,5523,豐謙,N/A,0.50000000,1.64,1.61
1150205,5529,鉅陞,N/A,0,0.00,2.29
1150205,5530,龍巖,14.76,0,0.00,0.78
1150205,5536,聖暉*,23.68,15.00000000,1.20,6.23
1150205,5543,桓鼎-KY,N/A,0,0.00,3.27
1150205,5547,久舜,8.86,2.20000000,9.44,1.42
1150205,5548,安倉,12.59,1.65058477,7.08,1.23
1150205,5601,台聯櫃,94.49,0.35000000,0.95,1.73
1150205,5603,陸海,N/A,1.00000000,5.68,1.00
1150205,5604,中連,47.44,2.00000000,5.02,2.08
1150205,5609,中菲行,10.27,5.20000000,6.61,1.94
1150205,5701,劍湖山,N/A,0,0.00,1.10
1150205,5703,亞都,37.25,0,0.00,2.11
1150205,5704,老爺知,N/A,0,0.00,1.65
1150205,5864,致和證,29.07,1.20000000,5.10,1.42
1150205,5878,台名,15.41,2.30000000,5.53,2.00
1150205,5902,德記,19.01,1.65000000,4.07,3.07
1150205,5903,全家,25.76,11.50000000,5.93,4.88
1150205,5904,寶雅,15.71,23.10000000,5.33,6.45
1150205,5905,南仁湖,N/A,0,0.00,0.94
1150205,6015,宏遠證,60.23,0.50000000,3.77,0.97
1150205,6016,康和證,11.79,1.22500000,7.59,1.04
1150205,6020,大展證,82.61,0.50894428,2.68,0.93
1150205,6021,美好證,11.39,2.44000000,7.73,1.10
1150205,6023,元大期,11.82,4.80000000,5.05,1.62
1150205,6026,福邦證,18.50,1.09862357,7.42,1.04
1150205,6101,寬魚國際,N/A,0,0.00,4.01
1150205,6103,合邦,19.80,0.18800000,0.54,3.17
1150205,6104,創惟,15.97,2.99729157,3.08,4.04
1150205,6109,亞元,N/A,0,0.00,1.65
1150205,6111,大宇資,N/A,0,0.00,2.05
1150205,6113,亞矽,N/A,0.50000000,2.43,2.03
1150205,6114,久威,10.09,0.50000000,1.55,0.90
1150205,6118,建達,37.06,0,0.00,1.54
1150205,6121,新普,11.58,20.50000000,5.99,1.68
1150205,6122,擎邦,11.80,3.26514260,6.32,2.15
1150205,6123,上奇,15.39,4.05000000,9.01,1.81
1150205,6124,業強,N/A,0,0.00,1.84
1150205,6125,廣運,503.08,0.70000000,1.07,3.87
1150205,6126,信音,41.59,0.75728691,2.00,1.46
1150205,6127,九豪,44.68,0,0.00,3.31
1150205,6129,普誠,N/A,0,0.00,1.70
1150205,6130,上亞科技,N/A,0,0.00,3.05
1150205,6134,萬旭,777.50,0.20000000,0.64,2.62
1150205,6138,茂達,21.88,8.60074874,3.45,5.02
1150205,6140,訊達,N/A,1.00000000,4.29,2.38
1150205,6143,振曜,17.08,7.00000000,6.80,3.13
1150205,6144,得利影,N/A,0,0.00,2.21
1150205,6146,耕興,16.50,10.10000000,5.66,3.41
1150205,6147,頎邦,13.95,3.75021151,6.98,0.87
1150205,6148,驊宏資,33.82,1.38000000,3.85,2.90
1150205,6150,撼訊,306.50,0,0.00,1.95
1150205,6151,晉倫,21.68,1.50000000,5.05,1.70
1150205,6154,順發,50.74,0.60000000,4.38,0.89
1150205,6156,松上,20.10,1.00000000,4.83,1.02
1150205,6158,禾昌,35.60,1.01476579,4.91,1.07
1150205,6160,欣技,N/A,0,0.00,1.72
1150205,6161,捷波,16.37,3.00000000,6.99,1.96
1150205,6163,華電網,61.91,0.45001900,0.82,2.95
1150205,6167,久正,91.92,0.20000000,1.67,1.05
1150205,6169,昱泉,N/A,0,0.00,1.73
1150205,6170,統振,10.20,3.11000000,6.30,2.42
1150205,6171,大城地產,3.91,2.50000000,8.96,1.10
1150205,6173,信昌電,23.24,1.40654205,2.23,1.49
1150205,6174,安碁,39.91,0.40000000,1.79,1.74
1150205,6175,立敦,17.34,1.75000000,3.78,1.86
1150205,6179,亞通,16.90,0.50000000,1.81,1.41
1150205,6180,橘子,N/A,6.00000000,11.58,1.98
1150205,6182,合晶,N/A,0,0.00,1.34
1150205,6185,幃翔,65.68,0.30000000,2.08,1.03
1150205,6186,新潤,4.46,2.82000000,5.93,1.82
1150205,6187,萬潤,22.99,10.18657142,2.72,5.21
1150205,6188,廣明,29.25,2.00000000,1.97,2.29
1150205,6190,萬泰科,25.03,1.89814777,3.93,2.46
1150205,6194,育富,10.23,2.10000000,6.20,0.86
1150205,6195,詩肯,16.02,1.50000000,5.96,0.98
1150205,6198,瑞築,N/A,0,0.00,0.95
1150205,6199,天品,264.32,0,0.00,6.74
1150205,6203,海韻電,15.55,3.50021237,5.38,1.83
1150205,6204,艾華,50.22,0.30000000,0.43,4.57
1150205,6207,雷科,47.09,1.50000000,2.72,2.31
1150205,6208,日揚,16.46,2.00000000,4.50,1.39
1150205,6210,慶生,N/A,0,0.00,1.95
1150205,6212,理銘,5.31,3.50000000,9.01,1.08
1150205,6217,中探針,N/A,0,0.00,2.35
1150205,6218,豪勉,N/A,0,0.00,1.69
1150205,6219,富旺,18.66,1.20000002,7.48,1.17
1150205,6220,岳豐,38.46,0.70000000,2.33,1.47
1150205,6221,晉泰,8.20,3.50000000,11.93,1.18
1150205,6222,立軒,N/A,0,0.00,1.52
1150205,6223,旺矽,88.68,16.01359516,0.58,23.94
1150205,6227,茂綸,12.01,3.80000000,4.55,2.30
1150205,6228,全譜,N/A,0,0.00,2.55
1150205,6229,研通,1127.50,1.00000000,4.43,1.35
1150205,6231,系微,32.00,6.50000000,3.07,9.16
1150205,6233,旺玖,N/A,0.35947017,1.45,1.63
1150205,6234,高僑,N/A,0.45000000,1.64,1.01
1150205,6236,中湛,300.56,0,0.00,7.27
1150205,6237,驊訊,N/A,0.25000000,0.64,2.06
1150205,6240,松崗,N/A,0,0.00,1.16
1150205,6241,易通展,N/A,0,0.00,1.79
1150205,6242,立康,15.04,2.00000000,5.15,1.46
1150205,6244,茂迪,80.00,0.36000000,1.22,2.64
1150205,6245,立端,14.60,4.00000000,5.83,1.70
1150205,6246,臺龍,29.11,0,0.00,1.39
1150205,6248,沛波,17.54,1.80000000,8.28,0.95
1150205,6259,百徽,30.82,0.54867267,3.24,1.24
1150205,6261,久元,19.78,4.00000000,5.46,1.46
1150205,6263,普萊德,14.93,7.90000000,6.42,4.78
1150205,6264,富裔,N/A,0,0.00,1.40
1150205,6265,方土昶,N/A,0,0.00,3.72
1150205,6266,泰詠,13.54,2.38000000,8.25,1.81
1150205,6270,倍微,20.42,1.00000000,3.74,0.74
1150205,6274,台燿,48.51,6.50397800,1.25,9.24
1150205,6275,元山,18.56,2.26088701,4.38,2.52
1150205,6276,安鈦克,43.27,0,0.00,3.60
1150205,6279,胡連,11.54,6.50000000,5.75,1.55
1150205,6284,佳邦,16.80,2.70000000,3.21,1.72
1150205,6290,良維,20.40,4.99836600,3.00,3.94
1150205,6291,沛亨,47.91,5.80000000,2.53,7.60
1150205,6292,迅德,38.86,4.00000000,9.80,1.81
1150205,6294,智基,14.52,3.80000000,8.58,2.00
1150205,6411,晶焱,22.02,3.18437000,3.95,1.62
1150205,6417,韋僑,23.87,2.20000000,1.99,2.82
1150205,6418,詠昇,30.50,1.10000000,3.28,2.33
1150205,6419,京晨科,11.80,2.70000000,3.81,2.43
1150205,6423,億而得,122.06,0.40534472,0.49,5.14
1150205,6425,易發,N/A,1.00199979,1.56,2.87
1150205,6432,今展科,58.00,1.39999998,4.39,1.26
1150205,6435,大中,18.35,4.30172177,3.07,2.71
1150205,6441,廣錠,N/A,0,0.00,1.05
1150205,6461,益得,N/A,0,0.00,3.61
1150205,6462,神盾,N/A,0,0.00,1.42
1150205,6465,威潤,N/A,0,0.00,3.93
1150205,6469,大樹,22.22,4.59607514,4.95,3.75
1150205,6470,宇智,13.76,2.50000000,4.68,1.80
1150205,6474,華豫寧,10.93,2.50000000,6.85,1.19
1150205,6482,弘煜科,12.42,3.00000000,8.47,2.47
1150205,6485,點序,N/A,0.49998894,0.53,2.38
1150205,6486,互動,15.83,5.87000000,7.33,2.18
1150205,6488,環球晶,39.73,11.00000000,2.37,2.47
1150205,6492,生華科,N/A,0,0.00,6.17
1150205,6494,九齊,N/A,2.36000000,6.26,1.23
1150205,6496,科懋,N/A,0,0.00,1.50
1150205,6498,久禾光,14.10,2.64058707,3.05,2.85
1150205,6499,益安,N/A,0,0.00,7.35
1150205,6506,雙邦,17.01,0.80000000,5.11,1.03
1150205,6508,惠光,78.33,1.00000000,4.26,0.86
1150205,6509,聚和,12.93,1.31949239,3.84,1.34
1150205,6510,精測,128.41,15.30000000,0.20,14.60
1150205,6512,啟發電,N/A,0,0.00,1.38
1150205,6516,勤崴國際,49.38,2.20961067,3.47,3.62
1150205,6517,保勝光學,40.24,1.50000000,2.26,3.17
1150205,6523,達爾膚,13.11,11.00000000,9.36,3.66
1150205,6527,明達醫,13.93,2.25000001,2.95,1.95
1150205,6530,創威,33.46,1.55000000,2.46,4.54
1150205,6532,瑞耘,15.91,2.60000000,4.58,1.99
1150205,6535,順藥,N/A,0,0.00,18.94
1150205,6538,倉和,28.02,7.00330838,9.92,1.44
1150205,6542,隆中,N/A,1.83000000,3.49,3.08
1150205,6546,正基,21.96,3.50000000,5.78,2.10
1150205,6547,高端疫苗,N/A,0,0.00,3.35
1150205,6548,長科*,30.67,1.72819026,1.37,4.42
1150205,6556,勝品,11.02,4.20000000,6.16,1.27
1150205,6560,欣普羅,N/A,0,0.00,2.47
1150205,6561,是方,20.22,12.50000000,3.91,6.50
1150205,6568,宏觀,53.75,2.03731442,1.23,3.41
1150205,6569,醫揚,31.59,3.96063027,3.75,2.71
1150205,6570,維田,35.77,1.50000000,3.78,1.87
1150205,6574,霈方,13.45,2.20000000,2.95,2.14
1150205,6576,逸達,N/A,0,0.00,12.83
1150205,6577,勁豐,13.70,6.00000000,8.39,3.16
1150205,6578,達邦蛋白,N/A,0.40000000,2.00,1.40
1150205,6584,南俊國際,91.49,1.50100342,0.43,9.49
1150205,6588,東典光電,N/A,0,0.00,3.27
1150205,6590,普鴻,12.29,4.30013808,5.89,2.36
1150205,6593,台灣銘板,N/A,0.44741690,1.27,1.31
1150205,6596,寬宏藝術,7.66,7.00000000,4.95,3.33
1150205,6597,立誠,24.24,2.63052035,4.47,2.19
1150205,6603,富強鑫,79.06,0.29673566,1.17,1.77
1150205,6609,瀧澤科,N/A,0.77000000,1.89,1.23
1150205,6612,奈米醫材,57.46,1.30000000,1.69,2.09
1150205,6613,朋億*,12.19,11.90173206,3.11,2.93
1150205,6615,慧智,N/A,0.30000000,0.88,1.16
1150205,6616,特昇-KY,N/A,0,0.00,0.85
1150205,6617,共信-KY,N/A,0,0.00,3.65
1150205,6620,漢達,18.40,1.50679113,1.90,2.80
1150205,6624,萬年清,50.40,0.55000000,0.87,3.08
1150205,6629,泰金-KY,16.73,9.20000000,7.39,2.93
1150205,6637,醫影,10.85,3.62700484,4.72,1.91
1150205,6640,均華,52.49,15.00000000,1.95,11.72
1150205,6642,富致,21.37,2.50000000,4.45,2.03
1150205,6643,M31,N/A,2.00040678,0.41,11.34
1150205,6649,台生材,35.81,0,0.00,2.98
1150205,6651,全宇昕,15.02,7.00000000,7.13,2.82
1150205,6654,天正國際,N/A,0,0.00,4.01
1150205,6661,威健生技,280.71,0,0.00,1.59
1150205,6662,樂斯科,17.11,1.50000000,5.01,1.73
1150205,6664,群翊,17.92,9.92605470,3.46,4.40
1150205,6667,信紘科,19.69,8.55000000,3.55,4.78
1150205,6679,鈺太,32.82,9.16737560,4.82,1.98
1150205,6680,鑫創電子,64.34,3.04880628,4.79,2.90
1150205,6683,雍智科技,45.72,10.00401795,1.43,7.50
1150205,6684,安格,22.92,0,0.00,1.28
1150205,6690,安碁資訊,17.66,6.00000000,3.68,1.61
1150205,6692,進能服,14.95,0.49861764,1.60,1.70
1150205,6693,廣閎科,N/A,2.00052507,2.32,3.78
1150205,6697,東捷資訊,13.81,2.10000000,4.81,1.97
1150205,6703,軒郁,13.19,8.00000020,7.58,3.01
1150205,6708,天擎,N/A,0,0.00,3.22
1150205,6712,長聖,25.88,6.12099158,3.97,9.71
1150205,6716,應廣,38.54,3.38174397,5.55,2.59
1150205,6720,久昌,38.63,5.39614457,3.15,5.61
1150205,6721,信實,12.86,3.00000000,4.84,2.17
1150205,6725,矽科宏晟,14.74,8.00000000,3.31,5.67
1150205,6727,亞泰金屬,34.57,3.00000000,1.65,3.69
1150205,6728,上洋,12.50,8.00000000,5.76,2.15
1150205,6730,常廣,17.34,1.00000000,2.70,1.98
1150205,6732,昇佳電子,26.76,10.00000000,5.71,2.06
1150205,6733,博晟生醫,N/A,0,0.00,6.14
1150205,6735,美達科技,N/A,2.30000006,3.76,3.07
1150205,6739,竹陞科技,74.37,5.00000000,0.57,23.16
1150205,6741,91APP*-KY,15.95,1.74268889,2.65,2.51
1150205,6751,智聯服務,10.00,1.00000000,1.77,1.31
1150205,6752,叡揚,16.50,4.20007100,3.67,3.24
1150205,6761,穩得,20.80,5.62702812,3.92,2.89
1150205,6762,達亞,97.04,1.80000000,1.10,4.39
1150205,6763,綠界科技*,12.18,1.60000000,0.30,3.13
1150205,6767,台微醫,N/A,0,0.00,1.92
1150205,6785,昱展新藥,N/A,0.25000000,0.09,7.30
1150205,6788,華景電,18.67,10.00000000,3.27,4.64
1150205,6791,虎門科技,26.11,3.48141953,3.28,4.67
1150205,6803,崑鼎,16.66,15.24398079,5.08,3.26
1150205,6804,明係,N/A,1.00000000,5.88,0.55
1150205,6811,宏碁資訊,14.74,9.50000000,4.69,3.77
1150205,6821,聯寶,25.07,0.99478673,2.70,1.78
1150205,6823,濾能,N/A,0,0.00,2.70
1150205,6829,千附精密,23.32,5.00000000,4.65,3.41
1150205,6840,東研信超,64.61,0.30000000,0.46,1.97
1150205,6841,長佳智能,56.75,1.02194378,1.54,3.74
1150205,6843,進典,20.94,2.00000000,4.07,1.98
1150205,6844,諾貝兒,29.74,5.10000000,7.49,0.81
1150205,6846,綠茵,13.83,3.59866636,4.86,2.16
1150205,6855,數泓科,16.34,6.00000000,5.08,3.26
1150205,6856,鑫傳,24.47,3.40000000,6.09,2.12
1150205,6859,伯特光,37.80,2.50000000,2.24,2.21
1150205,6865,偉康科技,18.87,1.70000000,3.90,1.74
1150205,6870,騰雲,28.69,4.50000000,2.34,4.08
1150205,6872,浩宇生醫,N/A,0,0.00,2.33
1150205,6874,倍力,18.04,4.04003300,6.45,2.92
1150205,6875,國邑*,N/A,0,0.00,3.25
1150205,6877,鏵友益,149.12,1.10000000,1.29,4.46
1150205,6881,潤德,13.05,15.00000000,6.65,4.18
1150205,6884,海柏特,17.70,1.50000000,4.32,2.51
1150205,6894,衛司特,23.14,6.80000000,2.92,3.74
1150205,6895,宏碩系統,46.49,2.30000000,1.28,5.92
1150205,6899,創為精密,14.80,2.42864064,4.69,1.18
1150205,6903,巨漢,33.43,8.00000000,3.38,5.29
1150205,6904,伯鑫,18.40,9.00000000,7.06,2.40
1150205,6907,雅特力-KY,21.16,0,0.00,2.41
1150205,6910,德鴻,15.17,1.50000000,4.23,2.80
1150205,6913,鴻呈,22.94,2.51334502,2.10,3.52
1150205,6922,宸曜,21.17,5.28541275,3.36,4.26
1150205,6925,意藍,29.78,2.00000000,2.50,4.13
1150205,6929,佑全,N/A,0,0.00,1.39
1150205,6953,家碩,29.15,6.00000000,2.67,4.35
1150205,6961,旅天下,13.41,5.00000000,8.42,1.68
1150205,6967,汎瑋材料,19.89,2.80000000,4.01,2.18
1150205,6968,萬達寵物,22.06,1.20000000,2.44,1.93
1150205,6971,惠民實業,13.76,1.50000000,5.03,1.33
1150205,6982,大井泵浦,71.73,2.10000000,3.61,2.56
1150205,6996,力領科技,16.11,12.65057693,7.55,2.77
1150205,6997,博弘,22.46,5.00000000,5.52,3.45
1150205,7402,邑錡,340.28,1.80000000,1.47,6.66
1150205,7547,碩網,22.36,1.35000000,2.42,1.94
1150205,7556,意德士,23.86,3.70000000,2.28,3.48
1150205,7584,樂意,N/A,4.00000000,10.67,1.27
1150205,7642,昶瑞機電,19.19,5.00000000,6.23,2.45
1150205,7703,銳澤,22.10,5.50000000,2.70,3.41
1150205,7704,明遠精密,26.13,2.25625576,4.99,1.35
1150205,7708,全家餐飲,15.75,4.50000000,4.80,2.39
1150205,7709,榮田,31.16,2.30000000,3.28,1.68
1150205,7712,博盛半導體,17.82,4.00000000,4.49,1.58
1150205,7713,威力德生醫,16.74,3.36800000,4.79,2.79
1150205,7714,創泓科技,22.28,4.00000000,2.79,5.87
1150205,7715,裕山,8.21,2.98575949,9.52,1.12
1150205,7716,昱臺國際,8.92,2.00000000,7.78,1.27
1150205,7717,萊德光電-KY,278.28,1.00000000,0.16,22.19
1150205,7718,友鋮,13.19,3.50000000,7.83,1.37
1150205,7723,築間,N/A,4.00000000,12.14,1.55
1150205,7728,光焱科技,260.00,7.03170423,0.83,16.47
1150205,7734,印能科技,35.29,24.28159342,1.90,5.67
1150205,7738,東聯互動,11.76,4.50000000,2.66,2.89
1150205,7743,金利食安,16.31,1.40000000,6.81,1.17
1150205,7744,崴寶,20.65,5.00000000,1.52,6.94
1150205,7747,昕奇雲端,33.06,3.44578137,2.90,3.43
1150205,7751,竑騰,51.52,10.00000000,1.23,9.53
1150205,7753,星亞,11.51,1.32600000,3.09,2.04
1150205,7757,金色三麥,12.10,9.00000000,8.11,3.12
1150205,7767,仁大資訊,12.27,3.00000000,6.38,1.73
1150205,7770,君曜,17.56,4.00000000,7.42,3.60
1150205,7777,能率亞洲,74.69,0,0.00,3.40
1150205,7782,光速火箭,9.91,3.01848603,11.20,1.41
1150205,7792,安葆,32.59,9.00000000,2.92,5.33
1150205,7805,威聯通,13.93,40.00000000,6.99,3.03
1150205,7810,捷創科技,40.69,4.00000000,1.99,5.95
1150205,8024,佑華,N/A,0,0.00,1.38
1150205,8027,鈦昇,N/A,0,0.00,4.70
1150205,8032,光菱,18.67,1.10000000,3.01,0.82
1150205,8034,榮群,13.19,0.80000000,3.37,1.91
1150205,8038,長園科,90.38,0,0.00,6.56
1150205,8040,九暘,N/A,0,0.00,1.81
1150205,8042,金山電,168.13,1.50000000,2.79,1.93
1150205,8043,蜜望實,1460.00,0.80000000,1.10,2.24
1150205,8044,網家,N/A,0,0.00,0.81
1150205,8047,星雲,N/A,0,0.00,5.05
1150205,8048,德勝,22.04,2.20000000,4.07,2.76
1150205,8049,晶采,15.89,2.00000000,7.45,1.40
1150205,8050,廣積,26.84,3.18393396,7.51,1.16
1150205,8054,安國,N/A,0,0.00,5.22
1150205,8059,凱碩,N/A,0,0.00,3.65
1150205,8064,東捷,490.00,0.60000000,1.11,3.00
1150205,8066,來思達,N/A,0,0.00,1.30
1150205,8067,志旭,N/A,0,0.00,2.04
1150205,8068,全達,15.06,0,0.00,1.79
1150205,8069,元太,15.45,4.99013930,2.88,3.06
1150205,8071,能率網通,N/A,0,0.00,1.44
1150205,8074,鉅橡,58.80,1.00000000,1.57,3.36
1150205,8076,伍豐,N/A,1.10000000,4.68,1.72
1150205,8077,洛碁,8.81,2.00000000,4.56,2.24
1150205,8080,泰霖,219.29,0,0.00,4.02
1150205,8083,瑞穎,17.65,10.00000000,5.78,4.96
1150205,8084,巨虹,N/A,0,0.00,6.77
1150205,8085,福華,N/A,0,0.00,1.73
1150205,8086,宏捷科,54.95,1.19000000,1.02,2.87
1150205,8087,麗升能源,N/A,0.99969299,3.46,1.44
1150205,8088,品安,41.80,0.50000000,0.93,3.22
1150205,8089,康全電訊,N/A,2.50000000,9.26,1.50
1150205,8091,翔名,23.35,8.00000000,6.13,1.96
1150205,8092,建暐,N/A,0,0.00,1.51
1150205,8093,保銳,N/A,0,0.00,2.59
1150205,8096,擎亞,73.08,0.50000000,0.75,3.86
1150205,8097,常珵,N/A,0,0.00,2.89
1150205,8099,大世科,30.90,2.10000000,3.05,4.34
1150205,8102,傑霖科技,15.67,0.90000000,1.60,4.14
1150205,8107,大億金茂,24.84,1.00000000,6.60,0.78
1150205,8109,博大,19.02,4.50000000,4.13,2.98
1150205,8111,立碁,128.11,0.90000000,1.33,5.72
1150205,8121,越峰,N/A,0,0.00,3.11
1150205,8147,正淩,38.04,1.99148108,1.74,3.38
1150205,8155,博智,46.17,3.80000000,1.80,4.16
1150205,8171,天宇,N/A,0,0.00,1.61
1150205,8176,智捷,13.54,0,0.00,1.39
1150205,8182,加高,37.30,2.00000000,7.25,0.85
1150205,8183,精星,12.87,1.30000000,4.14,1.12
1150205,8227,巨有科技,68.03,1.60000000,1.13,5.02
1150205,8234,新漢,85.31,0.60000000,0.87,3.17
1150205,8240,華宏,23.10,1.60000000,4.05,0.90
1150205,8255,朋程,20.14,4.18572400,3.26,1.68
1150205,8272,全景軟體,17.13,2.40000000,3.05,2.60
1150205,8277,商丞,N/A,0,0.00,1.96
1150205,8279,生展,11.92,5.00000000,3.89,1.49
1150205,8284,三竹,13.97,4.00000000,6.35,2.28
1150205,8289,泰藝,N/A,0.30000000,1.03,1.32
1150205,8299,群聯,64.19,25.08256156,1.24,8.40
1150205,8342,益張,13.46,5.00000000,5.85,2.88
1150205,8349,恒耀,20.07,2.99609858,6.91,1.36
1150205,8354,冠好,N/A,0.60000000,3.92,0.59
1150205,8358,金居,71.63,1.50101022,0.60,8.84
1150205,8383,千附,14.04,2.50000000,6.08,1.28
1150205,8390,金益鼎,14.93,2.50000000,2.71,2.56
1150205,8401,白紗科,11.41,2.20000000,7.65,1.77
1150205,8403,盛弘,18.37,0.99999999,4.22,0.90
1150205,8409,商之器,14.38,0,0.00,2.28
1150205,8410,森田,9.42,3.00000000,8.00,0.76
1150205,8415,大國鋼,13.00,1.50000000,4.41,1.32
1150205,8416,實威,14.17,8.00000000,4.46,3.33
1150205,8421,旭源,N/A,0,0.00,0.99
1150205,8423,保綠-KY,27.91,0.90000000,4.81,1.31
1150205,8424,惠普,13.69,4.40000000,5.99,2.39
1150205,8426,紅木-KY,8.62,2.50000000,9.09,1.23
1150205,8431,匯鑽科,N/A,1.12332735,1.85,3.24
1150205,8432,東生華,17.30,2.12000000,3.76,1.50
1150205,8433,弘帆,14.16,6.46540755,11.86,1.34
1150205,8435,鉅邁,14.67,4.50000000,8.43,2.27
1150205,8436,大江,18.38,10.00000000,6.83,2.21
1150205,8437,大地-KY,N/A,1.01780318,6.32,0.34
1150205,8440,綠電,143.33,0.20000000,0.78,2.05
1150205,8444,綠河-KY,N/A,0,0.00,1.98
1150205,8446,華研,9.01,8.00000000,8.51,2.32
1150205,8450,霹靂,N/A,0,0.00,1.61
1150205,8455,大拓-KY,N/A,0,0.00,1.03
1150205,8472,夠麻吉,N/A,0,0.00,3.92
1150205,8477,創業家,N/A,0,0.00,2.29
1150205,8489,三貝德,N/A,0,0.00,3.22
1150205,8905,裕國,68.07,1.00000000,2.58,1.65
1150205,8906,花王,N/A,0.10000000,0.29,3.10
1150205,8908,欣雄,18.95,1.60066980,3.84,3.05
1150205,8916,光隆,16.99,3.59225381,7.32,1.40
1150205,8917,欣泰,26.50,2.20000000,3.88,3.49
1150205,8921,沈氏,N/A,0.22000000,1.20,0.87
1150205,8923,時報,21.28,0.85000000,4.25,1.36
1150205,8924,大田,13.35,4.30000000,6.02,1.56
1150205,8927,北基,N/A,1.99998061,8.08,1.87
1150205,8928,鉅明,23.20,1.70000000,6.43,1.33
1150205,8929,富堡,N/A,0,0.00,1.02
1150205,8930,青鋼,12.46,2.80000000,9.21,1.72
1150205,8931,大汽電,18.23,2.00000000,4.46,2.71
1150205,8932,智通*,52.59,0.70265370,0.18,15.88
1150205,8933,愛地雅,N/A,0,0.00,1.44
1150205,8935,邦泰,N/A,0,0.00,2.82
1150205,8936,國統,12.61,2.00000000,3.94,1.96
1150205,8937,合騏,N/A,0.10000000,0.08,5.33
1150205,8938,明安,12.04,4.08867709,5.78,1.46
1150205,8941,關中,37.87,4.50000000,9.74,1.98
1150205,8942,森鉅,11.52,3.50000000,9.21,0.79
1150205,9949,琉園,5.54,0,0.00,2.03
1150205,9950,萬國通,N/A,0,0.00,1.27
1150205,9951,皇田,11.46,2.31670250,4.21,1.12
1150205,9960,邁達康,14.62,1.70040494,7.31,1.25
1150205,9962,有益,N/A,0.50000000,4.35,1.00
